Dataset,Model,Parameterization,Shots,HPO,MIA,DP,Seed,N,TPR@FPR=0.001,TPR@FPR=0.00316,TPR@FPR=0.01,TPR@FPR=0.03162,TPR@FPR=0.1,TPR@FPR=0.31623,TPR@FPR=1.0,Classes
CIFAR10,ViT,Head,100,TD,ACC-LiRA,-1,0,129,0.0129147286821705,0.0273023255813953,0.0513100775193798,0.0961317829457364,0.1936589147286821,0.4281782945736434,1.0,10
CIFAR10,ViT,Head,100,TD,KL-LiRA,-1,0,129,0.0702093023255814,0.0926511627906976,0.1256201550387597,0.1840232558139534,0.2971705426356589,0.5459689922480621,1.0,10
CIFAR10,ViT,Head,100,TD,WB-LiRA,-1,0,129,0.0846899224806201,0.1049457364341085,0.136813953488372,0.192968992248062,0.3065193798449612,0.5533488372093023,1.0,10
CIFAR10,ViT,Head,100,TD,ACC-LiRA,-1,1,129,0.0070666170219367,0.0182056532936175,0.0449362375500325,0.093526016941264,0.1870520338825281,0.4218483353501505,1.0,10
CIFAR10,ViT,Head,100,TD,KL-LiRA,-1,1,129,0.045021564429551,0.0807502559806385,0.1191628657420335,0.1802336405100996,0.2945173601414875,0.543431381674889,1.0,10
CIFAR10,ViT,Head,100,TD,WB-LiRA,-1,1,129,0.0776784883179745,0.099661795277545,0.1322799342207329,0.1890998789909708,0.3031586459399919,0.5483570697198176,1.0,10
CIFAR10,ViT,Head,100,TD,ACC-LiRA,-1,2,129,0.0164795111207618,0.0313149486614759,0.0563405403728634,0.098473803393616,0.1890917268976641,0.4150742935136644,1.0,10
CIFAR10,ViT,Head,100,TD,KL-LiRA,-1,2,129,0.0718661786146353,0.0929134224648695,0.1238561280516177,0.180111362719856,0.2921875484691503,0.5418695908428204,1.0,10
CIFAR10,ViT,Head,100,TD,WB-LiRA,-1,2,129,0.0765967676893011,0.0983574774327636,0.1292381425070571,0.1829807364208828,0.2934050935260725,0.5429010143623786,1.0,10
CIFAR10,ViT,Head,100,TD,ACC-LiRA,-1,3,129,0.0189055266484176,0.0341354094775777,0.0578254767092906,0.0978155509200741,0.1912575509666012,0.4238622176384376,1.0,10
CIFAR10,ViT,Head,100,TD,KL-LiRA,-1,3,129,0.0695192971300511,0.08871174112301,0.1221337345006475,0.1784315702133269,0.2900889443768077,0.5331699713858108,1.0,10
CIFAR10,ViT,Head,100,TD,WB-LiRA,-1,3,129,0.0755445613654163,0.0952720674333304,0.1285079522631574,0.1859999844909543,0.2989446094434579,0.5454066084043518,1.0,10
CIFAR10,ViT,Head,100,TD,ACC-LiRA,-1,10,129,0.0074633813306852,0.0190308465739821,0.0455561072492552,0.0904605263157894,0.1836984856007944,0.4103851166832175,1.0,10
CIFAR10,ViT,Head,100,TD,KL-LiRA,-1,10,129,0.0291009806355511,0.0627249875868917,0.1096077457795432,0.1709285004965243,0.2857730263157895,0.5314361966236345,1.0,10
CIFAR10,ViT,Head,100,TD,WB-LiRA,-1,10,129,0.0806076216484607,0.0997936320754716,0.1308264026812313,0.1839157149950347,0.2934458788480635,0.5367272840119166,1.0,10
CIFAR10,ViT,Head,100,TD,ACC-LiRA,8,0,129,0.0017829457364341,0.0058372093023255,0.0184728682170542,0.0561395348837209,0.1540930232558139,0.393015503875969,1.0,10
CIFAR10,ViT,Head,100,TD,KL-LiRA,8,0,129,0.00184496124031,0.0081240310077519,0.0265271317829457,0.071813953488372,0.1847829457364341,0.4458062015503876,1.0,10
CIFAR10,ViT,Head,100,TD,WB-LiRA,8,0,129,0.0053255813953488,0.0140155038759689,0.0339457364341085,0.0830620155038759,0.1942093023255814,0.4615658914728682,1.0,10
CIFAR10,ViT,Head,100,TD,ACC-LiRA,8,1,129,0.0023581246703279,0.0075785782990474,0.0211610661205746,0.0595348909367339,0.153472028297496,0.3938223339228645,1.0,10
CIFAR10,ViT,Head,100,TD,KL-LiRA,8,1,129,0.0023115827360451,0.0072993266933507,0.024488814421794,0.0707747680660274,0.1824986813118619,0.4445607992801514,1.0,10
CIFAR10,ViT,Head,100,TD,WB-LiRA,8,1,129,0.0060892364019982,0.0140091222191194,0.0347357969530547,0.0837056688075956,0.1980359303732663,0.4629758912780415,1.0,10
CIFAR10,ViT,Head,100,TD,ACC-LiRA,8,2,129,0.0020318267828892,0.006397927846884,0.0197754133449142,0.0582560411949002,0.155062505816298,0.3976796848341967,1.0,10
CIFAR10,ViT,Head,100,TD,KL-LiRA,8,2,129,0.0032028414554704,0.01002729782548,0.029221081366132,0.074650246611037,0.1809023792536526,0.4315693147625399,1.0,10
CIFAR10,ViT,Head,100,TD,WB-LiRA,8,2,129,0.0052889536867574,0.0132766696652914,0.0335251419176722,0.0815212333653876,0.1896268263175853,0.4524149269472965,1.0,10
CIFAR10,ViT,Head,100,TD,ACC-LiRA,8,3,129,0.0016051862248656,0.0050326853137092,0.0176337849050458,0.0545608225997813,0.1513837945981994,0.3889436013554906,1.0,10
CIFAR10,ViT,Head,100,TD,KL-LiRA,8,3,129,0.0030320184247462,0.0086230293818869,0.0251711810913715,0.0701939406158642,0.1833634467303054,0.4465984785626216,1.0,10
CIFAR10,ViT,Head,100,TD,WB-LiRA,8,3,129,0.0059942461440635,0.0142062858162023,0.0340656187721488,0.082709740456121,0.1956931380227517,0.4624332141721659,1.0,10
CIFAR10,ViT,Head,100,TD,ACC-LiRA,8,10,129,0.0015826713008937,0.0056014150943396,0.0186662115193644,0.0558745034756703,0.1515873262164846,0.3893681727904667,1.0,10
CIFAR10,ViT,Head,100,TD,KL-LiRA,8,10,129,0.0026688182720953,0.0085029791459781,0.0277665714995034,0.0737493793445878,0.1876396474677259,0.4478649453823237,1.0,10
CIFAR10,ViT,Head,100,TD,WB-LiRA,8,10,129,0.0057798535253227,0.0141043942403177,0.0347023957298907,0.0840832919563058,0.198151998510427,0.4643821375372393,1.0,10
CIFAR10,ViT,Head,100,TD,ACC-LiRA,2,0,129,0.0014186046511627,0.0045581395348837,0.012829457364341,0.0402403100775193,0.1204573643410852,0.356015503875969,1.0,10
CIFAR10,ViT,Head,100,TD,KL-LiRA,2,0,129,0.0012790697674418,0.0046046511627906,0.0142480620155038,0.0445658914728682,0.1305736434108527,0.372968992248062,1.0,10
CIFAR10,ViT,Head,100,TD,WB-LiRA,2,0,129,0.0013798449612403,0.0045891472868217,0.0141007751937984,0.0426201550387596,0.1314108527131783,0.3776976744186046,1.0,10
CIFAR10,ViT,Head,100,TD,ACC-LiRA,2,1,129,0.0012954171708709,0.0040646622606968,0.0136135157777157,0.0421049365478296,0.1218778119085295,0.3511899221198299,1.0,10
CIFAR10,ViT,Head,100,TD,KL-LiRA,2,1,129,0.0018151354370287,0.0045300816035247,0.0139780942629309,0.044253622513885,0.1327996524868906,0.3725992118899128,1.0,10
CIFAR10,ViT,Head,100,TD,WB-LiRA,2,1,129,0.0014660709299078,0.0044912966582891,0.0141952899562505,0.0442924074591206,0.1310931148965217,0.3755778956840113,1.0,10
CIFAR10,ViT,Head,100,TD,ACC-LiRA,2,2,129,0.0012020349288085,0.0039550826689828,0.0124546328752675,0.0405202096969321,0.1206998169804882,0.3517929708099389,1.0,10
CIFAR10,ViT,Head,100,TD,KL-LiRA,2,2,129,0.0015897881316499,0.0046220181778701,0.0143933988894748,0.0434438688463566,0.1283152898842944,0.3699243105748053,1.0,10
CIFAR10,ViT,Head,100,TD,WB-LiRA,2,2,129,0.0012175450569221,0.0045134472810745,0.0144787045940999,0.0443434562769488,0.131828333902038,0.3742904116388001,1.0,10
CIFAR10,ViT,Head,100,TD,ACC-LiRA,2,3,129,0.0013415324488007,0.0037066619105593,0.0120505284707305,0.0403467822607535,0.1206138480268616,0.3565374504679854,1.0,10
CIFAR10,ViT,Head,100,TD,KL-LiRA,2,3,129,0.0014190776770551,0.0046992408322153,0.0151213195096039,0.0444644338810611,0.1289654691098583,0.3693246586071326,1.0,10
CIFAR10,ViT,Head,100,TD,WB-LiRA,2,3,129,0.0015974317020402,0.0045208868072303,0.0153539551943671,0.0453949766201136,0.1326411129291159,0.3755050132990066,1.0,10
CIFAR10,ViT,Head,100,TD,ACC-LiRA,2,10,129,0.0014507820258192,0.004515268123138,0.0128165342601787,0.0393961022840119,0.1192899702085402,0.3494677879841112,1.0,10
CIFAR10,ViT,Head,100,TD,KL-LiRA,2,10,129,0.0014275074478649,0.0042049404170804,0.0143759309831181,0.0451371648460774,0.1285998013902681,0.3687468967229394,1.0,10
CIFAR10,ViT,Head,100,TD,WB-LiRA,2,10,129,0.001481814796425,0.0045385427010923,0.0147483242303872,0.0442682472691161,0.1307255461767626,0.3732388902681231,1.0,10
CIFAR10,ViT,Head,100,TD,ACC-LiRA,1,0,129,0.0012480620155038,0.0037286821705426,0.0119612403100775,0.0360232558139534,0.1093023255813953,0.3343178294573643,1.0,10
CIFAR10,ViT,Head,100,TD,KL-LiRA,1,0,129,0.0013410852713178,0.0037984496124031,0.0117131782945736,0.0363255813953488,0.1152480620155038,0.3455736434108527,1.0,10
CIFAR10,ViT,Head,100,TD,WB-LiRA,1,0,129,0.0012713178294573,0.003906976744186,0.011953488372093,0.0388682170542635,0.1167286821705426,0.3432558139534883,1.0,10
CIFAR10,ViT,Head,100,TD,ACC-LiRA,1,1,129,0.001062707499457,0.003599242917869,0.011511371745943,0.0370784076452884,0.1121040057091439,0.3348381892084768,1.0,10
CIFAR10,ViT,Head,100,TD,KL-LiRA,1,1,129,0.0012178472803996,0.0041810170964038,0.0129541717087095,0.0385212076080548,0.1159669862546154,0.3499332898941946,1.0,10
CIFAR10,ViT,Head,100,TD,WB-LiRA,1,1,129,0.0010006515870799,0.0037854106550001,0.0120698749573365,0.0386453194328089,0.1148034378975456,0.3449455459368891,1.0,10
CIFAR10,ViT,Head,100,TD,ACC-LiRA,1,2,129,0.0011865248006948,0.0040016130533238,0.0119505537115736,0.0359679870955734,0.108501101219096,0.3328938797034463,1.0,10
CIFAR10,ViT,Head,100,TD,KL-LiRA,1,2,129,0.000907342494649,0.003311412352266,0.010709743462481,0.0361851288891646,0.1128904674752613,0.3414709805502993,1.0,10
CIFAR10,ViT,Head,100,TD,WB-LiRA,1,2,129,0.0012175450569221,0.003947327604926,0.0117799423023234,0.0367434935012563,0.1153178025250488,0.3464264664826131,1.0,10
CIFAR10,ViT,Head,100,TD,ACC-LiRA,1,3,129,0.0009615608303543,0.0034274990888435,0.0114766937816481,0.0363376939600021,0.1115488108439247,0.3351349674697767,1.0,10
CIFAR10,ViT,Head,100,TD,KL-LiRA,1,3,129,0.0012097055607683,0.0037144164333847,0.0116783113751095,0.0373923090642617,0.1157129896011849,0.347216514031809,1.0,10
CIFAR10,ViT,Head,100,TD,WB-LiRA,1,3,129,0.001434586722706,0.0039548066409733,0.0127872081391471,0.0371519188566731,0.1149142737501647,0.3440526687190304,1.0,10
CIFAR10,ViT,Head,100,TD,ACC-LiRA,1,10,129,0.0011094215491559,0.0035920431976166,0.0112493793445878,0.0345394736842105,0.1091965615690168,0.332516137040715,1.0,10
CIFAR10,ViT,Head,100,TD,KL-LiRA,1,10,129,0.0010628723932472,0.0035687686196623,0.0122269116186693,0.0372238083416087,0.1149686569016881,0.3435017378351539,1.0,10
CIFAR10,ViT,Head,100,TD,WB-LiRA,1,10,129,0.0010163232373386,0.0033980883813306,0.010651998510427,0.0358971573982125,0.1139523336643495,0.343486221449851,1.0,10
CIFAR10,ViT,Head,100,ED,ACC-LiRA,-1,0,129,0.0170697674418604,0.0323255813953488,0.056891472868217,0.1017209302325581,0.1933410852713178,0.4246821705426357,1.0,10
CIFAR10,ViT,Head,100,ED,KL-LiRA,-1,0,129,0.0672480620155038,0.090922480620155,0.1239457364341085,0.1786744186046511,0.2901627906976744,0.5363798449612404,1.0,10
CIFAR10,ViT,Head,100,ED,WB-LiRA,-1,0,129,0.0785116279069767,0.1005503875968992,0.1318062015503876,0.1866744186046511,0.2972868217054263,0.5406589147286822,1.0,10
CIFAR10,ViT,Head,100,ED,ACC-LiRA,-1,1,129,0.0081681094666294,0.022425455335257,0.0490241707778708,0.0945033975612026,0.1882698811629278,0.4185593719941667,1.0,10
CIFAR10,ViT,Head,100,ED,KL-LiRA,-1,1,129,0.0715582239597877,0.0960392813925346,0.1310310589841447,0.1880914704148437,0.3037326631294796,0.5513279965248689,1.0,10
CIFAR10,ViT,Head,100,ED,WB-LiRA,-1,1,129,0.0821154860529336,0.1027956188525861,0.1366471190542679,0.1948710788420366,0.3073939619597257,0.5554236867417544,1.0,10
CIFAR10,ViT,Head,100,ED,ACC-LiRA,-1,2,129,0.016107268046034,0.0302525048856903,0.0543862642305425,0.0961705493687377,0.1878819369047988,0.4168967335670193,1.0,10
CIFAR10,ViT,Head,100,ED,KL-LiRA,-1,2,129,0.0710131215683841,0.0946195365573719,0.1267099916245308,0.1835468560970313,0.2950801873623476,0.5420867326364116,1.0,10
CIFAR10,ViT,Head,100,ED,WB-LiRA,-1,2,129,0.0772637031981884,0.0999162453081862,0.1331622049198126,0.1897896826627788,0.3013540341843224,0.5493144523373763,1.0,10
CIFAR10,ViT,Head,100,ED,ACC-LiRA,-1,3,129,0.0092046185937948,0.0236978217545383,0.0475895065797126,0.0927363384694122,0.1842397078095799,0.4138743922392736,1.0,10
CIFAR10,ViT,Head,100,ED,KL-LiRA,-1,3,129,0.0530719542172972,0.0842994176353358,0.1196212691052056,0.178733996603519,0.2902905619702691,0.5373108865745946,1.0,10
CIFAR10,ViT,Head,100,ED,WB-LiRA,-1,3,129,0.0786386159727661,0.0994207371449397,0.1311522445466318,0.1872096900517226,0.2973239141729413,0.5427080344610994,1.0,10
CIFAR10,ViT,Head,100,ED,ACC-LiRA,-1,10,129,0.0170757820258192,0.0328869786494538,0.0584191906653426,0.1033391261171797,0.1951650943396226,0.4225189299900695,1.0,10
CIFAR10,ViT,Head,100,ED,KL-LiRA,-1,10,129,0.0774965863952333,0.0990100546176762,0.129709222939424,0.1842881082423038,0.2947182224428997,0.5398305610724925,1.0,10
CIFAR10,ViT,Head,100,ED,WB-LiRA,-1,10,129,0.0818489324726911,0.1034011916583912,0.135970084409136,0.1890283639523336,0.2988610973187686,0.5442837636544191,1.0,10
CIFAR10,ViT,Head,100,ED,ACC-LiRA,8,0,129,0.0016046511627906,0.004829457364341,0.0165891472868217,0.0546666666666666,0.151015503875969,0.3855193798449612,1.0,10
CIFAR10,ViT,Head,100,ED,KL-LiRA,8,0,129,0.0027364341085271,0.0085348837209302,0.0266279069767441,0.0751782945736434,0.1876124031007752,0.4460852713178294,1.0,10
CIFAR10,ViT,Head,100,ED,WB-LiRA,8,0,129,0.0060697674418604,0.0142248062015503,0.0352170542635658,0.0836356589147286,0.1950232558139535,0.4597596899224806,1.0,10
CIFAR10,ViT,Head,100,ED,ACC-LiRA,8,1,129,0.0012643892146824,0.0046541934282788,0.015343324335226,0.0524450029476558,0.1539296906512768,0.3946756027180489,1.0,10
CIFAR10,ViT,Head,100,ED,KL-LiRA,8,1,129,0.0035139160383505,0.0092463309441807,0.0281113283068044,0.0756771851438145,0.1864702597039933,0.4464922895528871,1.0,10
CIFAR10,ViT,Head,100,ED,WB-LiRA,8,1,129,0.0052204536287194,0.0132334233144062,0.033634304508362,0.0820999720748394,0.1942272487511247,0.4598653386701418,1.0,10
CIFAR10,ViT,Head,100,ED,ACC-LiRA,8,2,129,0.0018922356298663,0.0061730309892359,0.0189766417470608,0.0573021683159102,0.1534959828768185,0.3894205416136737,1.0,10
CIFAR10,ViT,Head,100,ED,KL-LiRA,8,2,129,0.0021403976796848,0.0071424139963396,0.0238313118466358,0.0690588454260632,0.1809799298942209,0.4435508887303409,1.0,10
CIFAR10,ViT,Head,100,ED,WB-LiRA,8,2,129,0.005079566957223,0.0138738095976672,0.0333933058287061,0.0837779570059248,0.1969553618512889,0.4584561218475664,1.0,10
CIFAR10,ViT,Head,100,ED,ACC-LiRA,8,3,129,0.0017059950215963,0.0057073287995223,0.0180602836604449,0.0553595384508014,0.1546639577533596,0.3938677233496437,1.0,10
CIFAR10,ViT,Head,100,ED,KL-LiRA,8,3,129,0.0010468605814341,0.00717293361353,0.0247679459044487,0.071023674558186,0.1798196297990803,0.4375722139938119,1.0,10
CIFAR10,ViT,Head,100,ED,WB-LiRA,8,3,129,0.0049861581767565,0.0125855905456857,0.0321269880657893,0.0795458951433423,0.1897764371069426,0.4538024302674535,1.0,10
CIFAR10,ViT,Head,100,ED,ACC-LiRA,8,10,129,0.0013732000993048,0.0054695258192651,0.0177119538232373,0.0550909260178748,0.1512149329692154,0.3883751241310824,1.0,10
CIFAR10,ViT,Head,100,ED,KL-LiRA,8,10,129,0.0025602035749751,0.0083710898709036,0.0252141261171797,0.0709098808341608,0.1787565168818272,0.4332174776564051,1.0,10
CIFAR10,ViT,Head,100,ED,WB-LiRA,8,10,129,0.0053531529294935,0.0130415218470705,0.0327085402184707,0.0798861097318768,0.1896179865938431,0.4550024826216484,1.0,10
CIFAR10,ViT,Head,100,ED,ACC-LiRA,1,0,129,0.0011007751937984,0.0036976744186046,0.0113875968992248,0.0367829457364341,0.1127209302325581,0.338031007751938,1.0,10
CIFAR10,ViT,Head,100,ED,KL-LiRA,1,0,129,0.0010465116279069,0.0039457364341085,0.0122868217054263,0.03784496124031,0.1144961240310077,0.3467441860465116,1.0,10
CIFAR10,ViT,Head,100,ED,WB-LiRA,1,0,129,0.0013023255813953,0.0036356589147286,0.0127596899224806,0.039,0.1163565891472868,0.3452093023255814,1.0,10
CIFAR10,ViT,Head,100,ED,ACC-LiRA,1,1,129,0.0011402773899283,0.0038319525892829,0.0112553911073877,0.0363027087405752,0.1116308293772689,0.3381814514877905,1.0,10
CIFAR10,ViT,Head,100,ED,KL-LiRA,1,1,129,0.0013962580284836,0.003661298830246,0.0117208104502156,0.0364500915324707,0.115121474448478,0.3469080641658134,1.0,10
CIFAR10,ViT,Head,100,ED,WB-LiRA,1,1,129,0.001124763411834,0.0037698966769058,0.0116665115268857,0.0360777560582084,0.1145629712370846,0.3488162834714077,1.0,10
CIFAR10,ViT,Head,100,ED,ACC-LiRA,1,2,129,0.0013881564661724,0.0036448801067096,0.0114619846759934,0.0357430902379253,0.1095790551229953,0.3343440766820734,1.0,10
CIFAR10,ViT,Head,100,ED,KL-LiRA,1,2,129,0.0011555045444675,0.003900797220585,0.0123227967863014,0.0383720569531904,0.1156124949592083,0.3453950429630549,1.0,10
CIFAR10,ViT,Head,100,ED,WB-LiRA,1,2,129,0.0010469336476719,0.0036138598504823,0.0123460619784719,0.038527158234327,0.1172565685392561,0.3511105251729379,1.0,10
CIFAR10,ViT,Head,100,ED,ACC-LiRA,1,3,129,0.0013803050629279,0.0036058531138286,0.0113758849849174,0.0351512519677101,0.1090828725854354,0.3348635591708864,1.0,10
CIFAR10,ViT,Head,100,ED,KL-LiRA,1,3,129,0.0009693153531797,0.0037144164333847,0.0116472932838077,0.0366944020099723,0.1133478601394263,0.3433547616647409,1.0,10
CIFAR10,ViT,Head,100,ED,WB-LiRA,1,3,129,0.0012174600835937,0.0039470521181479,0.0124382546120024,0.0382918337120125,0.1163023333359181,0.3456966275580232,1.0,10
CIFAR10,ViT,Head,100,ED,ACC-LiRA,1,10,129,0.0012956181727904,0.0037859980139026,0.0125837884806355,0.0373944885799404,0.1126101663356504,0.3364805734856008,1.0,10
CIFAR10,ViT,Head,100,ED,KL-LiRA,1,10,129,0.0013188927507447,0.0041428748758689,0.0128242924528301,0.0371772591857001,0.1143867924528301,0.3452861221449851,1.0,10
CIFAR10,ViT,Head,100,ED,WB-LiRA,1,10,129,0.0011404543197616,0.0037316906653426,0.0115829816285998,0.0375186196623634,0.1164039225422045,0.3484126737835153,1.0,10
CIFAR10,ViT,Head,50,TD,ACC-LiRA,-1,0,129,0.0179325387551608,0.0310508685830022,0.0607151203552231,0.113811638233232,0.2247098231674067,0.4683493027966036,1.0,10
CIFAR10,ViT,Head,50,TD,KL-LiRA,-1,0,129,0.1063176754693464,0.1388330606839604,0.1940951935810547,0.2786164991820519,0.4253797616265483,0.6914232297265717,1.0,10
CIFAR10,ViT,Head,50,TD,WB-LiRA,-1,0,129,0.1167250915322894,0.1559398613383189,0.2081794811871932,0.2941964633481343,0.4408506660434681,0.7055230972968762,1.0,10
CIFAR10,ViT,Head,50,TD,ACC-LiRA,-1,1,129,0.0195488487380547,0.0382558810232746,0.0689510031646063,0.1224531155003351,0.230548583721764,0.4744571063338893,1.0,10
CIFAR10,ViT,Head,50,TD,KL-LiRA,-1,1,129,0.0310224952063229,0.073440690913059,0.1476608415046689,0.240821862285064,0.3955913760581165,0.6703820911344256,1.0,10
CIFAR10,ViT,Head,50,TD,WB-LiRA,-1,1,129,0.1027795532137122,0.1376525792320763,0.1883954043057352,0.2716728763621058,0.4198325720610473,0.6826663756683867,1.0,10
CIFAR10,ViT,Head,50,TD,ACC-LiRA,-1,2,129,0.0162509153799411,0.0323771832785403,0.0629625590127919,0.115579377074212,0.2187095869494087,0.4635639831102662,1.0,10
CIFAR10,ViT,Head,50,TD,KL-LiRA,-1,2,129,0.0961655318552219,0.1247721288231719,0.1753634253127872,0.2595627989591935,0.4120689923809227,0.6812608092737726,1.0,10
CIFAR10,ViT,Head,50,TD,WB-LiRA,-1,2,129,0.1024758105981521,0.1327963104345522,0.182904597933968,0.2711705956591514,0.4216356865739081,0.6937255574079556,1.0,10
CIFAR10,ViT,Head,50,TD,ACC-LiRA,-1,3,129,0.012492406423776,0.0245175158491565,0.0527889842520911,0.1039268524431844,0.2165454290565273,0.4607859935513014,1.0,10
CIFAR10,ViT,Head,50,TD,KL-LiRA,-1,3,129,0.1025872677144503,0.1328213835106466,0.1843953955669091,0.2666708204177635,0.4148818517422389,0.6801196280315893,1.0,10
CIFAR10,ViT,Head,50,TD,WB-LiRA,-1,3,129,0.105640274770635,0.1418090624464555,0.1950030374304895,0.2779638312123241,0.4236981884453029,0.6841228056511783,1.0,10
CIFAR10,ViT,Head,50,TD,ACC-LiRA,-1,10,129,0.0177367363782176,0.0354734727564352,0.0664621517666661,0.1217901801703598,0.2298301072924615,0.4760265973184671,1.0,10
CIFAR10,ViT,Head,50,TD,KL-LiRA,-1,10,129,0.0968902315586215,0.1297942912312939,0.1760904433405484,0.2525499478331283,0.3967952411355248,0.6690440226108352,1.0,10
CIFAR10,ViT,Head,50,TD,WB-LiRA,-1,10,129,0.1104847626018032,0.138468006914057,0.1868975504928601,0.2627808835666568,0.4083186695111886,0.6751950418113584,1.0,10
CIFAR10,ViT,Head,50,TD,ACC-LiRA,8,0,129,0.0021656150190854,0.0071200436238996,0.0212978110150346,0.0657474487808678,0.1847316351172392,0.4461634338241022,1.0,10
CIFAR10,ViT,Head,50,TD,KL-LiRA,8,0,129,0.0029446132273895,0.0095037781413102,0.0275921165381319,0.077323362156267,0.2051569681389732,0.4941029835631378,1.0,10
CIFAR10,ViT,Head,50,TD,WB-LiRA,8,0,129,0.0067149645555815,0.0169198410843655,0.0406637064734751,0.0965178780088805,0.2251772220923892,0.5186258471605515,1.0,10
CIFAR10,ViT,Head,50,TD,ACC-LiRA,8,1,129,0.001933060002806,0.0059083043634152,0.018847335027359,0.0619826336383618,0.1786677475174209,0.4471448391974683,1.0,10
CIFAR10,ViT,Head,50,TD,KL-LiRA,8,1,129,0.0021513087128002,0.0076698832369401,0.0288711864935226,0.0780395030165089,0.2039845978767518,0.4914805057134394,1.0,10
CIFAR10,ViT,Head,50,TD,WB-LiRA,8,1,129,0.0054873961369978,0.0149500366346048,0.0396589084446661,0.0971986219152883,0.2256223985533228,0.5169688372020516,1.0,10
CIFAR10,ViT,Head,50,TD,ACC-LiRA,8,2,129,0.0020722643773079,0.0073853632695034,0.0210186815412661,0.0633365014568174,0.1787756501145198,0.4587962169489413,1.0,10
CIFAR10,ViT,Head,50,TD,KL-LiRA,8,2,129,0.0048300899019959,0.0124335862638475,0.0327199638522304,0.0856795624873404,0.2129602218725168,0.5005687041336221,1.0,10
CIFAR10,ViT,Head,50,TD,WB-LiRA,8,2,129,0.0071672301771552,0.0169676383976566,0.0416945825088421,0.0986740624172262,0.2282295383368909,0.5185179414468456,1.0,10
CIFAR10,ViT,Head,50,TD,ACC-LiRA,8,3,129,0.0023209084253648,0.0063396626115671,0.0212775899936136,0.0674465334351002,0.182058910574931,0.4416268166170812,1.0,10
CIFAR10,ViT,Head,50,TD,KL-LiRA,8,3,129,0.003582610321033,0.0095640119004968,0.027726288571473,0.0802037414913004,0.2110001713422327,0.4941821523699746,1.0,10
CIFAR10,ViT,Head,50,TD,WB-LiRA,8,3,129,0.0058100593467187,0.0150469633483387,0.0397513979968535,0.0949391735073755,0.225174846960233,0.5205532796461004,1.0,10
CIFAR10,ViT,Head,50,TD,ACC-LiRA,8,10,129,0.002289113474625,0.0079885388604263,0.0238410389772178,0.0654032421321457,0.1826774841552859,0.4516872479250043,1.0,10
CIFAR10,ViT,Head,50,TD,KL-LiRA,8,10,129,0.0050609651649874,0.0119127333883551,0.0316738558325677,0.0882476602768737,0.2174346356883691,0.5033402370088917,1.0,10
CIFAR10,ViT,Head,50,TD,WB-LiRA,8,10,129,0.0059018639924007,0.0146222962766868,0.0402074217107619,0.0966410763504991,0.2292383636731706,0.5311054705140383,1.0,10
CIFAR10,ViT,Head,50,TD,ACC-LiRA,2,0,129,0.0016670561657708,0.0043779699306691,0.0136636285736542,0.0427981615642284,0.1307937991742619,0.3777050712783361,1.0,10
CIFAR10,ViT,Head,50,TD,KL-LiRA,2,0,129,0.0021188751265872,0.0057022668847861,0.0160629430552309,0.0507283633247643,0.1440990885720962,0.3997351406091766,1.0,10
CIFAR10,ViT,Head,50,TD,WB-LiRA,2,0,129,0.0015891563449404,0.0051258082106411,0.0163122224818882,0.0491080470514917,0.1419023136246786,0.4023837345174106,1.0,10
CIFAR10,ViT,Head,50,TD,ACC-LiRA,2,1,129,0.0014965625828175,0.0046144012970209,0.0146226635696135,0.0426520336103013,0.1266621977645096,0.3737976834458353,1.0,10
CIFAR10,ViT,Head,50,TD,KL-LiRA,2,1,129,0.0022604330677974,0.0063915693641167,0.0157762638938687,0.049916597814395,0.1432490997240712,0.3985065552558966,1.0,10
CIFAR10,ViT,Head,50,TD,WB-LiRA,2,1,129,0.0020265951642321,0.005736823234134,0.0177560914773878,0.0492930300715543,0.1437947214990568,0.4001590097744243,1.0,10
CIFAR10,ViT,Head,50,TD,ACC-LiRA,2,2,129,0.0013087985540892,0.0038952337919321,0.0130256618002212,0.042333400850719,0.1280908680138981,0.3752668235147473,1.0,10
CIFAR10,ViT,Head,50,TD,KL-LiRA,2,2,129,0.0012464748134183,0.0045652140041445,0.0152693164643741,0.0463377011888253,0.139013103566476,0.3935120985961577,1.0,10
CIFAR10,ViT,Head,50,TD,WB-LiRA,2,2,129,0.001947616895966,0.0052507751515245,0.0167962481108116,0.0481139277979464,0.144871535189542,0.4026736884747822,1.0,10
CIFAR10,ViT,Head,50,TD,ACC-LiRA,2,3,129,0.0010280533964703,0.004330285518466,0.0136606489197651,0.0441439897817723,0.130858736117385,0.3738220221498777,1.0,10
CIFAR10,ViT,Head,50,TD,KL-LiRA,2,3,129,0.0020716833595538,0.0060592844125297,0.0172432592407981,0.0488325363323416,0.1414663779809654,0.3941494415800869,1.0,10
CIFAR10,ViT,Head,50,TD,WB-LiRA,2,3,129,0.0021339896260066,0.0059346718796242,0.0169161513419212,0.0503278867272075,0.1434757550740665,0.4020467608529728,1.0,10
CIFAR10,ViT,Head,50,TD,ACC-LiRA,2,10,129,0.001121198436551,0.0039397667284363,0.0132675148325209,0.0430104178021396,0.1340299297693757,0.3790273603562919,1.0,10
CIFAR10,ViT,Head,50,TD,KL-LiRA,2,10,129,0.0017752308578725,0.0056682809847859,0.0180948969898936,0.0505162184468287,0.1445255929115343,0.4033199931482318,1.0,10
CIFAR10,ViT,Head,50,TD,WB-LiRA,2,10,129,0.0018530918604107,0.0055125589797094,0.0165688213401435,0.0503137798402292,0.1442141489013812,0.4038805923665073,1.0,10
CIFAR10,ViT,Head,50,ED,ACC-LiRA,-1,0,129,0.0192256757809457,0.0378593129235802,0.069377580431565,0.1254654514294617,0.2308327490846771,0.4683804627249357,1.0,10
CIFAR10,ViT,Head,50,ED,KL-LiRA,-1,0,129,0.0771675625146062,0.111926462569136,0.1684817324920152,0.257848406948664,0.410594375632936,0.6800965957778297,1.0,10
CIFAR10,ViT,Head,50,ED,WB-LiRA,-1,0,129,0.1147620160473631,0.1530575679675936,0.2052037080314715,0.2899275531666277,0.4415361844667757,0.702656383890317,1.0,10
CIFAR10,ViT,Head,50,ED,ACC-LiRA,-1,1,129,0.0109436138868536,0.0236955742279451,0.0493553868458384,0.1042293482158168,0.2138369682136343,0.4525698785601821,1.0,10
CIFAR10,ViT,Head,50,ED,KL-LiRA,-1,1,129,0.0913838527132991,0.126132165183095,0.1767035091274728,0.2596224297317099,0.4124900618890985,0.6826351972812447,1.0,10
CIFAR10,ViT,Head,50,ED,WB-LiRA,-1,1,129,0.1090464090292609,0.145883673437573,0.1958002712519681,0.2816811386346984,0.4303085101407704,0.698021731335838,1.0,10
CIFAR10,ViT,Head,50,ED,ACC-LiRA,-1,2,129,0.0141786510026331,0.0295102912076782,0.0605786759321294,0.115174272759851,0.2239447811657655,0.4681291971144108,1.0,10
CIFAR10,ViT,Head,50,ED,KL-LiRA,-1,2,129,0.0815661956030601,0.1157196054907215,0.1663888066561755,0.2508842180707686,0.4030008881133045,0.6754023776507065,1.0,10
CIFAR10,ViT,Head,50,ED,WB-LiRA,-1,2,129,0.0970380642246147,0.1303345226780511,0.1803025817609573,0.2670416478397033,0.420093173992303,0.6873373739891868,1.0,10
CIFAR10,ViT,Head,50,ED,ACC-LiRA,-1,3,129,0.0049845013162198,0.0150002336484991,0.0387700743002227,0.0917615539182853,0.2010467452764061,0.4419850776491845,1.0,10
CIFAR10,ViT,Head,50,ED,KL-LiRA,-1,3,129,0.093568435645415,0.1265751802987585,0.17897475038552,0.2632751288960887,0.4090406392622938,0.6743874515179364,1.0,10
CIFAR10,ViT,Head,50,ED,WB-LiRA,-1,3,129,0.0981012165298524,0.1323229333790246,0.1863424663935575,0.2736958519603109,0.4229193601146435,0.6872381189738158,1.0,10
CIFAR10,ViT,Head,50,ED,ACC-LiRA,-1,10,129,0.0105112353426662,0.0223149633274678,0.0514349782767802,0.1106093402058644,0.2206892255944687,0.4670570098260585,1.0,10
CIFAR10,ViT,Head,50,ED,KL-LiRA,-1,10,129,0.0847750595636669,0.1226777955992961,0.1755921329243035,0.2643536758179298,0.4123830138436862,0.6881355404332187,1.0,10
CIFAR10,ViT,Head,50,ED,WB-LiRA,-1,10,129,0.1189248952769515,0.1467212731831135,0.1973309248329881,0.2819191179905632,0.4300574614198732,0.6974165719357802,1.0,10
CIFAR10,ViT,Head,50,ED,ACC-LiRA,8,0,129,0.001900755628262,0.0074783827997195,0.023073926929968,0.0661369478850198,0.1799018462257536,0.4474877307782192,1.0,10
CIFAR10,ViT,Head,50,ED,KL-LiRA,8,0,129,0.003972890862351,0.0091454389654903,0.0308015891563449,0.0780400405079068,0.203598971722365,0.4953182207680922,1.0,10
CIFAR10,ViT,Head,50,ED,WB-LiRA,8,0,129,0.0065591649139206,0.0183220378593129,0.0405702266884786,0.0964867180805484,0.2281374152839448,0.517395029991431,1.0,10
CIFAR10,ViT,Head,50,ED,ACC-LiRA,8,1,129,0.0021980762935133,0.0065318721062559,0.0208583409980201,0.0648978128361419,0.1764229036431945,0.4484699206510047,1.0,10
CIFAR10,ViT,Head,50,ED,KL-LiRA,8,1,129,0.0045208661355948,0.0116451275975493,0.0314589926263114,0.0839633965734952,0.2150996928928866,0.5035309523438353,1.0,10
CIFAR10,ViT,Head,50,ED,WB-LiRA,8,1,129,0.006656585654824,0.0167583830888428,0.0410307574789156,0.0963100378817403,0.2284284533961058,0.5223471089840522,1.0,10
CIFAR10,ViT,Head,50,ED,ACC-LiRA,8,2,129,0.0015892553871083,0.0057649460120596,0.0166716006294697,0.0547669871145666,0.1744441501378912,0.4395537620167962,1.0,10
CIFAR10,ViT,Head,50,ED,KL-LiRA,8,2,129,0.0044249855876349,0.0120752247549897,0.0321123073806889,0.0866611614029074,0.2111528333930602,0.5055857652576308,1.0,10
CIFAR10,ViT,Head,50,ED,WB-LiRA,8,2,129,0.0064660880946074,0.0154407067512192,0.0396067371963665,0.0952929994858291,0.2280114052445427,0.5233168694785061,1.0,10
CIFAR10,ViT,Head,50,ED,ACC-LiRA,8,3,129,0.0022430255922989,0.0068692658764155,0.0201093474976245,0.0609511051574012,0.1761398152619199,0.4398666645897911,1.0,10
CIFAR10,ViT,Head,50,ED,KL-LiRA,8,3,129,0.0032866555553824,0.0102026511316375,0.0307325659278181,0.0825246499166653,0.2086325332170283,0.4936369725385131,1.0,10
CIFAR10,ViT,Head,50,ED,WB-LiRA,8,3,129,0.006993878409321,0.0161061698780354,0.0376174083708469,0.0916369413853798,0.2236016137323011,0.5171575881244256,1.0,10
CIFAR10,ViT,Head,50,ED,ACC-LiRA,8,10,129,0.0023514022766557,0.007194356634536,0.0217543641091922,0.0646090599062553,0.1829110671629008,0.4430135322422411,1.0,10
CIFAR10,ViT,Head,50,ED,KL-LiRA,8,10,129,0.0033324509086378,0.0102776523350514,0.0284348381269757,0.0833424171169628,0.2087453478050983,0.4968777737982154,1.0,10
CIFAR10,ViT,Head,50,ED,WB-LiRA,8,10,129,0.0068050516218446,0.016413099335067,0.0408614541320834,0.097949141193142,0.2297055296884002,0.518756715511469,1.0,10
CIFAR10,R50,Head,100,TD,ACC-LiRA,-1,0,129,0.0025348837209302,0.0064728682170542,0.0221395348837209,0.1522713178294573,0.2663255813953488,0.5246744186046511,1.0,10
CIFAR10,R50,Head,100,TD,KL-LiRA,-1,0,129,0.1320775193798449,0.1619302325581395,0.2090775193798449,0.2775271317829457,0.3964573643410852,0.6520542635658915,1.0,10
CIFAR10,R50,Head,100,TD,WB-LiRA,-1,0,129,0.129906976744186,0.1622403100775193,0.2101782945736434,0.282860465116279,0.4050232558139535,0.6583255813953488,1.0,10
CIFAR10,R50,Head,100,TD,ACC-LiRA,-1,1,129,0.0015591547984734,0.0049334450339756,0.1019811350026373,0.2093611343820782,0.3093875081448385,0.5672763660057712,1.0,10
CIFAR10,R50,Head,100,TD,KL-LiRA,-1,1,129,0.1370194545285302,0.1693273139098327,0.2112693536876726,0.2758540444940892,0.391138415712557,0.6479645660740327,1.0,10
CIFAR10,R50,Head,100,TD,WB-LiRA,-1,1,129,0.1410375748549443,0.1755639331037264,0.2167613019330416,0.2815864593999193,0.3973827918954978,0.6516956778057029,1.0,10
CIFAR10,R50,Head,100,TD,ACC-LiRA,-1,2,129,0.0021481527437416,0.0089648540496944,0.0656000868567174,0.1882774451716971,0.2905822502093867,0.5476393585011012,1.0,10
CIFAR10,R50,Head,100,TD,KL-LiRA,-1,2,129,0.1193504358345999,0.160917579179204,0.2059900114774948,0.275273753761206,0.3932360331296337,0.6531625151223749,1.0,10
CIFAR10,R50,Head,100,TD,WB-LiRA,-1,2,129,0.1356826007382821,0.1687501938766014,0.2108446815770698,0.278499860408847,0.3977184601544808,0.6559000527344356,1.0,10
CIFAR10,R50,Head,100,TD,ACC-LiRA,-1,3,129,0.0022333025737261,0.0062268818288266,0.0385012058282993,0.1810215808370232,0.2778367983126158,0.5351628837519483,1.0,10
CIFAR10,R50,Head,100,TD,KL-LiRA,-1,3,129,0.1289189419729057,0.1650162457253192,0.2158781609373667,0.288553548857371,0.4035143497444884,0.65453600812674,1.0,10
CIFAR10,R50,Head,100,TD,WB-LiRA,-1,3,129,0.1046705490977612,0.1535705700349729,0.2094186434237769,0.2853741944989415,0.4020564994533061,0.6551718789984259,1.0,10
CIFAR10,R50,Head,100,TD,ACC-LiRA,-1,10,129,0.0929121151936444,0.1275834781529295,0.177553997020854,0.2477268495531281,0.3642005958291956,0.6107404419066534,1.0,10
CIFAR10,R50,Head,100,TD,KL-LiRA,-1,10,129,0.138809582919563,0.1743498634558093,0.2179431479642502,0.2868126241310824,0.4045664721946375,0.6589110600794439,1.0,10
CIFAR10,R50,Head,100,TD,WB-LiRA,-1,10,129,0.1457143743793446,0.178647902184707,0.2223342850049652,0.2913123758689175,0.4104083912611718,0.6628832547169812,1.0,10
CIFAR10,R50,Head,100,TD,ACC-LiRA,8,0,129,0.0023255813953488,0.0072403100775193,0.0216201550387596,0.0641860465116279,0.1671007751937984,0.4165038759689922,1.0,10
CIFAR10,R50,Head,100,TD,KL-LiRA,8,0,129,0.0022945736434108,0.0075193798449612,0.0238527131782945,0.0660697674418604,0.181829457364341,0.4647054263565891,1.0,10
CIFAR10,R50,Head,100,TD,WB-LiRA,8,0,129,0.0043953488372093,0.0117596899224806,0.0302713178294573,0.0791317829457364,0.1991782945736434,0.4717209302325581,1.0,10
CIFAR10,R50,Head,100,TD,ACC-LiRA,8,1,129,0.0020168171522541,0.0063064320953178,0.0198113500263737,0.058417884513947,0.1615858388407955,0.4092742561047504,1.0,10
CIFAR10,R50,Head,100,TD,KL-LiRA,8,1,129,0.0028855999255329,0.0081215675323466,0.0230305004809333,0.0654069316454125,0.1778057029383474,0.4573520742188712,1.0,10
CIFAR10,R50,Head,100,TD,WB-LiRA,8,1,129,0.0034518601259735,0.0105572620931459,0.0291430078500729,0.0758633528809457,0.1920242638617394,0.4622544912966583,1.0,10
CIFAR10,R50,Head,100,TD,ACC-LiRA,8,2,129,0.003264881967925,0.008801997704501,0.0233427428110556,0.0622033687998262,0.1667028569655985,0.4163073486987002,1.0,10
CIFAR10,R50,Head,100,TD,KL-LiRA,8,2,129,0.0027840679964016,0.0073518007258739,0.0224276452523497,0.0644523373763067,0.1785913701647175,0.460518968886683,1.0,10
CIFAR10,R50,Head,100,TD,WB-LiRA,8,2,129,0.0044203865123925,0.0118264726866643,0.030174954245122,0.0773412538387567,0.1920231411111455,0.4637760957905512,1.0,10
CIFAR10,R50,Head,100,TD,ACC-LiRA,8,3,129,0.0019153671378831,0.0055057112060609,0.0186728909636545,0.0605473142210194,0.1683041634033049,0.4169219197096707,1.0,10
CIFAR10,R50,Head,100,TD,KL-LiRA,8,3,129,0.002551238009569,0.0073745512069914,0.0214412556123358,0.0620516916491543,0.1733911303767922,0.4548647998945385,1.0,10
CIFAR10,R50,Head,100,TD,WB-LiRA,8,3,129,0.0040323518692277,0.0114301666446955,0.0302348844963825,0.0774987011174267,0.1913195871492047,0.4619059066200361,1.0,10
CIFAR10,R50,Head,100,TD,ACC-LiRA,8,10,129,0.0024826216484607,0.0065711891757696,0.0209238455809334,0.0623138033763654,0.1680424528301886,0.4135271847070506,1.0,10
CIFAR10,R50,Head,100,TD,KL-LiRA,8,10,129,0.0025989945382323,0.0080840367428003,0.023561631082423,0.0682177879841112,0.1841174280039721,0.4589436444885799,1.0,10
CIFAR10,R50,Head,100,TD,WB-LiRA,8,10,129,0.0041739076464746,0.0111795556107249,0.0294190665342601,0.076961271102284,0.1957702333664349,0.4664923659384309,1.0,10
CIFAR10,R50,Head,100,TD,ACC-LiRA,2,0,129,0.0023255813953488,0.0072403100775193,0.0216201550387596,0.0641860465116279,0.1671007751937984,0.4165038759689922,1.0,10
CIFAR10,R50,Head,100,TD,KL-LiRA,2,0,129,0.0022945736434108,0.0075193798449612,0.0238527131782945,0.0660697674418604,0.181829457364341,0.4647054263565891,1.0,10
CIFAR10,R50,Head,100,TD,WB-LiRA,2,0,129,0.0043953488372093,0.0117596899224806,0.0302713178294573,0.0791317829457364,0.1991782945736434,0.4717209302325581,1.0,10
CIFAR10,R50,Head,100,TD,ACC-LiRA,2,1,129,0.0010937354556455,0.0030484966955226,0.0092463309441807,0.0310589841447143,0.0991498340004344,0.316911787520556,1.0,10
CIFAR10,R50,Head,100,TD,KL-LiRA,2,1,129,0.0009928945980328,0.0031726085202767,0.0103012814545905,0.0322845884141611,0.1012597350212541,0.3174547767538552,1.0,10
CIFAR10,R50,Head,100,TD,WB-LiRA,2,1,129,0.001124763411834,0.0032656923888423,0.0100995997393651,0.0327965496912718,0.1009804834155574,0.3191923423004126,1.0,10
CIFAR10,R50,Head,100,TD,ACC-LiRA,2,2,129,0.0009383627508763,0.0026599869714923,0.0091742407792288,0.0313614790458169,0.1001876725501752,0.3163988584545708,1.0,10
CIFAR10,R50,Head,100,TD,KL-LiRA,2,2,129,0.0009693830071036,0.0030089648540496,0.0099264819927412,0.0319198436579086,0.0994509414647765,0.3167788565933555,1.0,10
CIFAR10,R50,Head,100,TD,WB-LiRA,2,2,129,0.001357136209945,0.0034432484412321,0.0099419921208549,0.0317957626329993,0.1002807333188572,0.3159257995471042,1.0,10
CIFAR10,R50,Head,100,TD,ACC-LiRA,2,3,129,0.0010391060586086,0.0031638453127786,0.0097009080546228,0.0318478252440736,0.1002272075187853,0.3173460921082221,1.0,10
CIFAR10,R50,Head,100,TD,KL-LiRA,2,3,129,0.0012097055607683,0.0033809719518909,0.0104220786773885,0.0318788433353753,0.1010491869382817,0.31491892646386,1.0,10
CIFAR10,R50,Head,100,TD,WB-LiRA,2,3,129,0.0010468605814341,0.0032956722008111,0.0096311173491939,0.0307001558659087,0.1004133160665958,0.3154462340159898,1.0,10
CIFAR10,R50,Head,100,TD,ACC-LiRA,2,10,129,0.0009930486593843,0.0034523957298907,0.0103804617676266,0.0318318644488579,0.0983971573982125,0.3158748138033763,1.0,10
CIFAR10,R50,Head,100,TD,KL-LiRA,2,10,129,0.0010783887785501,0.0032429245283018,0.0104890764647467,0.0321111593843098,0.099747082919563,0.3160532522343595,1.0,10
CIFAR10,R50,Head,100,TD,WB-LiRA,2,10,129,0.0010008068520357,0.0030412115193644,0.0098606628599801,0.0313198237338629,0.0996772591857001,0.3185591484607746,1.0,10
CIFAR10,R50,Head,100,TD,ACC-LiRA,1,0,129,0.0010465116279069,0.003829457364341,0.011813953488372,0.0366976744186046,0.1095038759689922,0.3366821705426356,1.0,10
CIFAR10,R50,Head,100,TD,KL-LiRA,1,0,129,0.0010930232558139,0.0036046511627906,0.0118992248062015,0.036922480620155,0.1111782945736434,0.3397441860465116,1.0,10
CIFAR10,R50,Head,100,TD,WB-LiRA,1,0,129,0.0013643410852713,0.0040542635658914,0.0120387596899224,0.0360155038759689,0.1119612403100775,0.3421085271317829,1.0,10
CIFAR10,R50,Head,100,TD,ACC-LiRA,1,1,129,0.0012799031927766,0.0037155977535759,0.0115966986254615,0.037055136678147,0.1085047627912749,0.3320922150857923,1.0,10
CIFAR10,R50,Head,100,TD,KL-LiRA,1,1,129,0.0011635483570697,0.0035061590493034,0.0111312792826336,0.0370085947438642,0.1143302615656706,0.3405550901362127,1.0,10
CIFAR10,R50,Head,100,TD,WB-LiRA,1,1,129,0.0012333612584939,0.003956064414037,0.012100902913525,0.0369853237767228,0.1122979304353222,0.338096124608272,1.0,10
CIFAR10,R50,Head,100,TD,ACC-LiRA,1,2,129,0.0012873406334336,0.0036216149145391,0.0107717839749356,0.0347504420386512,0.1042745913081242,0.3288457362657815,1.0,10
CIFAR10,R50,Head,100,TD,KL-LiRA,1,2,129,0.0012097899928653,0.0042109997828582,0.0127183050531997,0.0378214474051555,0.1130765890126252,0.3354452957781431,1.0,10
CIFAR10,R50,Head,100,TD,WB-LiRA,1,2,129,0.0013881564661724,0.004443651704563,0.0122762664019604,0.0376043056115643,0.1122467971585445,0.3401526196606384,1.0,10
CIFAR10,R50,Head,100,TD,ACC-LiRA,1,3,129,0.0011321603325139,0.0036989073877338,0.0122831641554936,0.0358956861589522,0.1113161751591615,0.3333126546057988,1.0,10
CIFAR10,R50,Head,100,TD,KL-LiRA,1,3,129,0.0010856331955613,0.0035127988399233,0.0111432493001543,0.03647727537086,0.1108121311755081,0.3399505261443737,1.0,10
CIFAR10,R50,Head,100,TD,WB-LiRA,1,3,129,0.0012562326977209,0.0040788790061803,0.0123839729522243,0.0357250866567925,0.1136425320067929,0.3401521437378351,1.0,10
CIFAR10,R50,Head,100,TD,ACC-LiRA,1,10,129,0.0013266509433962,0.0037084160873882,0.0119321002979145,0.0357963008937437,0.1113766137040715,0.3333074726911618,1.0,10
CIFAR10,R50,Head,100,TD,KL-LiRA,1,10,129,0.0011792452830188,0.0039023709036742,0.0124286246276067,0.0370376117179741,0.1128894612711022,0.3343470705064548,1.0,10
CIFAR10,R50,Head,100,TD,WB-LiRA,1,10,129,0.0012335526315789,0.0039178872889771,0.0120872641509433,0.0369988207547169,0.1140919811320754,0.3414070258192651,1.0,10
CIFAR10,R50,Head,100,ED,ACC-LiRA,-1,0,129,0.0049922480620155,0.0697519379844961,0.1395116279069767,0.2213255813953488,0.3266511627906976,0.5776201550387597,1.0,10
CIFAR10,R50,Head,100,ED,KL-LiRA,-1,0,129,0.065860465116279,0.1461860465116279,0.2042248062015504,0.2777286821705426,0.3994573643410852,0.6541085271317829,1.0,10
CIFAR10,R50,Head,100,ED,WB-LiRA,-1,0,129,0.1364263565891472,0.1683488372093023,0.2142015503875969,0.2850930232558139,0.406860465116279,0.6610852713178295,1.0,10
CIFAR10,R50,Head,100,ED,ACC-LiRA,-1,1,129,0.0022029848893853,0.006197834248658,0.051987340593875,0.1844922274969747,0.2865742033572248,0.5411740978621739,1.0,10
CIFAR10,R50,Head,100,ED,KL-LiRA,-1,1,129,0.1339089019206304,0.1638974215768407,0.2107496354215147,0.2740466660461075,0.3904480436873623,0.6435042973719322,1.0,10
CIFAR10,R50,Head,100,ED,WB-LiRA,-1,1,129,0.1386173942722393,0.1701883396940643,0.2163734524806851,0.2790421669924602,0.398158490800211,0.6512457724409693,1.0,10
CIFAR10,R50,Head,100,ED,ACC-LiRA,-1,2,129,0.0048856903558023,0.0174101188075813,0.097791357756615,0.2065406210255296,0.3179266060737661,0.5696249651022117,1.0,10
CIFAR10,R50,Head,100,ED,KL-LiRA,-1,2,129,0.1353181127276111,0.1649502124887551,0.2074169432639513,0.273459068771908,0.3939417439588051,0.650843750969383,1.0,10
CIFAR10,R50,Head,100,ED,WB-LiRA,-1,2,129,0.1373421844464435,0.1669355088873034,0.2103561125414896,0.2757468126686726,0.3971756056705028,0.6538914911437168,1.0,10
CIFAR10,R50,Head,100,ED,ACC-LiRA,-1,3,129,0.0042029513713873,0.0089409648177299,0.0239304574393014,0.1499492078754933,0.2620718534085005,0.520584380840125,1.0,10
CIFAR10,R50,Head,100,ED,KL-LiRA,-1,3,129,0.1346340252952534,0.1664740960165016,0.2170258303155315,0.2890420837953736,0.4021573082500368,0.6519459975030436,1.0,10
CIFAR10,R50,Head,100,ED,WB-LiRA,-1,3,129,0.1331296478671185,0.1641710027373465,0.2146219282396457,0.2865296183999317,0.4014438921500965,0.6537140287072435,1.0,10
CIFAR10,R50,Head,100,ED,ACC-LiRA,-1,10,129,0.0022421176762661,0.0058341608738828,0.0217229394240317,0.1622005337636544,0.2732668197616683,0.5329568023833168,1.0,10
CIFAR10,R50,Head,100,ED,KL-LiRA,-1,10,129,0.139391447368421,0.1726818520357497,0.2140795680238331,0.2831585153922542,0.4039846077457795,0.656056045183714,1.0,10
CIFAR10,R50,Head,100,ED,WB-LiRA,-1,10,129,0.1393448982125124,0.1740240193644488,0.2194094463753723,0.2886901067527309,0.4065215367428004,0.661416956305859,1.0,10
CIFAR10,R50,Head,100,ED,ACC-LiRA,8,0,129,0.0023023255813953,0.0067364341085271,0.0204961240310077,0.0585426356589147,0.1655348837209302,0.4194651162790698,1.0,10
CIFAR10,R50,Head,100,ED,KL-LiRA,8,0,129,0.0025426356589147,0.0078372093023255,0.0232093023255813,0.0666046511627907,0.1795891472868217,0.4573798449612403,1.0,10
CIFAR10,R50,Head,100,ED,WB-LiRA,8,0,129,0.003891472868217,0.0108527131782945,0.0284108527131782,0.0764651162790697,0.1916279069767441,0.4621937984496124,1.0,10
CIFAR10,R50,Head,100,ED,ACC-LiRA,8,1,129,0.0026218622979304,0.0079819417294982,0.0228676037109435,0.0624515188184554,0.1651075118681932,0.4091423872909491,1.0,10
CIFAR10,R50,Head,100,ED,KL-LiRA,8,1,129,0.0028313010022029,0.0078888578609327,0.0242095628160973,0.0679434670638245,0.1813118619876508,0.4582208569921499,1.0,10
CIFAR10,R50,Head,100,ED,WB-LiRA,8,1,129,0.003599242917869,0.010448664246486,0.0298333798752676,0.0780430668031896,0.1925439821278972,0.4629526203109001,1.0,10
CIFAR10,R50,Head,100,ED,ACC-LiRA,8,2,129,0.001993051462605,0.0062816018860315,0.0201554114836988,0.0575968607500698,0.1611812513571362,0.4089555479728262,1.0,10
CIFAR10,R50,Head,100,ED,KL-LiRA,8,2,129,0.0030710053665043,0.0096395446226385,0.025591711387536,0.0680817073549027,0.1825852281539845,0.4575642894810311,1.0,10
CIFAR10,R50,Head,100,ED,WB-LiRA,8,2,129,0.0047228340106089,0.0116015758290163,0.0299345472593603,0.078504513447281,0.1919843657908614,0.4610695784347178,1.0,10
CIFAR10,R50,Head,100,ED,ACC-LiRA,8,3,129,0.0025589925323945,0.0075994323689291,0.0222167078948796,0.0630132524795086,0.1656210985057034,0.4182169250215188,1.0,10
CIFAR10,R50,Head,100,ED,KL-LiRA,8,3,129,0.0029544731964918,0.0086928200873159,0.0241088114642865,0.0681079739758214,0.1860154935366052,0.460665182967966,1.0,10
CIFAR10,R50,Head,100,ED,WB-LiRA,8,3,129,0.0038772614127189,0.0103212698806578,0.0289011065704071,0.0765448948098978,0.1965228719650736,0.4656280775762463,1.0,10
CIFAR10,R50,Head,100,ED,ACC-LiRA,8,10,129,0.0023041832174776,0.0067651439920556,0.0219324106256206,0.0635163232373386,0.1685157025819265,0.4164520233366435,1.0,10
CIFAR10,R50,Head,100,ED,KL-LiRA,8,10,129,0.0023662487586891,0.0080452457795431,0.0236702457795431,0.0667437313803376,0.1808201961271102,0.4546533639523337,1.0,10
CIFAR10,R50,Head,100,ED,WB-LiRA,8,10,129,0.0035144612711022,0.0098373882820258,0.0281001737835153,0.0770621276067527,0.1913946127110228,0.4604332174776564,1.0,10
CIFAR10,R50,Head,100,ED,ACC-LiRA,1,0,129,0.0012325581395348,0.0036821705426356,0.0115736434108527,0.0346201550387596,0.1065968992248062,0.3316899224806202,1.0,10
CIFAR10,R50,Head,100,ED,KL-LiRA,1,0,129,0.0011937984496124,0.003875968992248,0.0121240310077519,0.0371472868217054,0.1127054263565891,0.3414341085271318,1.0,10
CIFAR10,R50,Head,100,ED,WB-LiRA,1,0,129,0.0010852713178294,0.0032635658914728,0.0122868217054263,0.0367674418604651,0.1135581395348837,0.3386511627906977,1.0,10
CIFAR10,R50,Head,100,ED,ACC-LiRA,1,1,129,0.0009851376089856,0.0033742902355021,0.0112398771292934,0.0354804679015793,0.1089003692326786,0.3313785720934562,1.0,10
CIFAR10,R50,Head,100,ED,KL-LiRA,1,1,129,0.0011092494337397,0.0038707375345186,0.0119923050668652,0.036822427006733,0.1119643799062955,0.3383133203015917,1.0,10
CIFAR10,R50,Head,100,ED,WB-LiRA,1,1,129,0.0009308386856557,0.0032346644326538,0.0111778212169164,0.0358528033758416,0.1129495175152812,0.3386778987868069,1.0,10
CIFAR10,R50,Head,100,ED,ACC-LiRA,1,2,129,0.0010236684555014,0.0032261066476409,0.0111285169215497,0.0364875763873809,0.1124096535037379,0.334948971678506,1.0,10
CIFAR10,R50,Head,100,ED,KL-LiRA,1,2,129,0.0011399944163538,0.0037689611316189,0.0114619846759934,0.0376120606756211,0.1153178025250488,0.3426575053509942,1.0,10
CIFAR10,R50,Head,100,ED,WB-LiRA,1,2,129,0.0012020349288085,0.0037224307472779,0.0116325960852436,0.0358128858144368,0.1129912833080001,0.3404162918385706,1.0,10
CIFAR10,R50,Head,100,ED,ACC-LiRA,1,3,129,0.0010003334444814,0.0031793543584295,0.0109338771838674,0.0343292725482137,0.1085865831246074,0.3337158897927216,1.0,10
CIFAR10,R50,Head,100,ED,KL-LiRA,1,3,129,0.0010933877183867,0.0031018091301751,0.0105616600882464,0.0340888823406251,0.1113084206363361,0.3372131795869941,1.0,10
CIFAR10,R50,Head,100,ED,WB-LiRA,1,3,129,0.000992578921656,0.0032801631551602,0.0116550478066332,0.0366401203501942,0.1120218367362764,0.3376862054793458,1.0,10
CIFAR10,R50,Head,100,ED,ACC-LiRA,1,10,129,0.0013188927507447,0.0041040839126117,0.0125605139026812,0.0360135302879841,0.1103059831181727,0.3316860104270109,1.0,10
CIFAR10,R50,Head,100,ED,KL-LiRA,1,10,129,0.0015128475670307,0.0037937562065541,0.011427817775571,0.0366341857000993,0.1124705188679245,0.339095084409136,1.0,10
CIFAR10,R50,Head,100,ED,WB-LiRA,1,10,129,0.0010861469712015,0.0033205064548162,0.0112105883813306,0.0356566534260178,0.1119895109235352,0.3380477284011917,1.0,10
CIFAR10,R50,Head,50,TD,ACC-LiRA,-1,0,129,0.0043468100023369,0.0264547791540079,0.1297032016826361,0.2529874581288463,0.3847316351172392,0.6503388642206123,1.0,10
CIFAR10,R50,Head,50,TD,KL-LiRA,-1,0,129,0.1396587987847627,0.1842642361922567,0.2482978889148555,0.3438965490379372,0.5014567266495287,0.782612759990652,1.0,10
CIFAR10,R50,Head,50,TD,WB-LiRA,-1,0,129,0.1650541403754771,0.2061073459531043,0.2724468333722832,0.3672820752512269,0.5197787645088416,0.7975227856975929,1.0,10
CIFAR10,R50,Head,50,TD,ACC-LiRA,-1,1,129,0.0801908117293092,0.1267713221195067,0.1961120551233884,0.2786256566947792,0.4077509470435094,0.664208770480303,1.0,10
CIFAR10,R50,Head,50,TD,KL-LiRA,-1,1,129,0.1508098586060143,0.1929786272156141,0.2545715310147006,0.3442561616287589,0.4905919216798915,0.7667856641775921,1.0,10
CIFAR10,R50,Head,50,TD,WB-LiRA,-1,1,129,0.1664925873384569,0.2136810762779241,0.2736838823327669,0.3607807068140365,0.5065240775094705,0.7834193337178668,1.0,10
CIFAR10,R50,Head,50,TD,ACC-LiRA,-1,2,129,0.0473504619747277,0.0967108645860924,0.1669029775167105,0.2669014194231938,0.4163225876817126,0.6849379099733566,1.0,10
CIFAR10,R50,Head,50,TD,KL-LiRA,-1,2,129,0.1545784577990371,0.198064847852168,0.2582228385347688,0.3468316168336423,0.5026565494460977,0.7834561630389056,1.0,10
CIFAR10,R50,Head,50,TD,WB-LiRA,-1,2,129,0.1528333930602514,0.1980492669170003,0.262118072326701,0.3517240304763092,0.5058818030258176,0.7917919633536404,1.0,10
CIFAR10,R50,Head,50,TD,ACC-LiRA,-1,3,129,0.0038162588202308,0.0547516316453527,0.1545195408028162,0.2573248804498512,0.3781055779685042,0.6401813112353775,1.0,10
CIFAR10,R50,Head,50,TD,KL-LiRA,-1,3,129,0.1335846352746927,0.1893175906166762,0.2540849545943083,0.3468901384756772,0.494883097867568,0.7723640555148834,1.0,10
CIFAR10,R50,Head,50,TD,WB-LiRA,-1,3,129,0.1340052025732488,0.1981027741865138,0.2638981915606162,0.3588529416346049,0.5101792862817178,0.7871929469306376,1.0,10
CIFAR10,R50,Head,50,TD,ACC-LiRA,-1,10,129,0.0086269990812401,0.0676923556067708,0.1689428033075354,0.2760951150007008,0.4035847205568619,0.6613202111590388,1.0,10
CIFAR10,R50,Head,50,TD,KL-LiRA,-1,10,129,0.1202329601195945,0.2098509740411417,0.275814815391563,0.3627076942242708,0.5116713642804864,0.7879222012862638,1.0,10
CIFAR10,R50,Head,50,TD,WB-LiRA,-1,10,129,0.1760592989395331,0.2334117134092218,0.2927885139449055,0.3770808352928352,0.5257953501409284,0.8010962829157389,1.0,10
CIFAR10,R50,Head,50,TD,ACC-LiRA,2,0,129,0.0012775570616187,0.0041131105398457,0.0129469502220144,0.0431876606683804,0.1297655215393004,0.3718781646802212,1.0,10
CIFAR10,R50,Head,50,TD,KL-LiRA,2,0,129,0.0012931370257848,0.0047051491781568,0.013990807821142,0.0464282932149256,0.1374776038015112,0.3861649918205188,1.0,10
CIFAR10,R50,Head,50,TD,WB-LiRA,2,0,129,0.0011996572407883,0.0039105710056866,0.0139284879644776,0.0431565007400483,0.1335358728674924,0.3875671885954662,1.0,10
CIFAR10,R50,Head,50,TD,ACC-LiRA,2,1,129,0.0011691895178262,0.0039128875863251,0.0136093659874974,0.0422623037710259,0.1295617877687187,0.3634932264953934,1.0,10
CIFAR10,R50,Head,50,TD,KL-LiRA,2,1,129,0.0016836329056697,0.0051444338784354,0.0152150529253121,0.0466896347451946,0.135532448906418,0.3831044320077322,1.0,10
CIFAR10,R50,Head,50,TD,WB-LiRA,2,1,129,0.0017148112928118,0.0053782717820007,0.0154177124417353,0.0456919263566495,0.1349556487442904,0.3853180974948166,1.0,10
CIFAR10,R50,Head,50,TD,ACC-LiRA,2,2,129,0.0015580935167728,0.0048456708371636,0.0143812031598136,0.041242735388978,0.1282778392359109,0.3735996634518004,1.0,10
CIFAR10,R50,Head,50,TD,KL-LiRA,2,2,129,0.0015892553871083,0.0051728704756859,0.0150044405665228,0.0476620806780823,0.1372057150870195,0.3874978576214144,1.0,10
CIFAR10,R50,Head,50,TD,WB-LiRA,2,2,129,0.0015892553871083,0.0050326420591763,0.0166404387591343,0.0470544242065408,0.1385768373817796,0.38890014178651,1.0,10
CIFAR10,R50,Head,50,TD,ACC-LiRA,2,3,129,0.0011838190626022,0.0042212495521737,0.0129441268555584,0.0433028551846602,0.1277901524945871,0.3707067088272402,1.0,10
CIFAR10,R50,Head,50,TD,KL-LiRA,2,3,129,0.0015576566613187,0.0050623841492858,0.0153740712472156,0.0464181685072976,0.1369024439633016,0.384086979547968,1.0,10
CIFAR10,R50,Head,50,TD,WB-LiRA,2,3,129,0.0014641972616395,0.005077960715899,0.0155609900465739,0.0469010420723064,0.1364039938316796,0.3892583996635461,1.0,10
CIFAR10,R50,Head,50,TD,ACC-LiRA,2,10,129,0.0012146316395969,0.0042979273401124,0.0137813974492735,0.0424186741828487,0.1337340579597302,0.3753834654375009,1.0,10
CIFAR10,R50,Head,50,TD,KL-LiRA,2,10,129,0.0017596586573648,0.0049675319619415,0.0150427456903935,0.0458912748960555,0.1353068502110033,0.3826556830745752,1.0,10
CIFAR10,R50,Head,50,TD,WB-LiRA,2,10,129,0.0018998084619337,0.005528131180217,0.0160705109238986,0.0476976501549433,0.1387950231247177,0.3906130775339863,1.0,10
CIFAR10,R50,Head,50,ED,ACC-LiRA,-1,0,129,0.0734439510789125,0.1238139752278569,0.1821609410298356,0.2674612448391368,0.4036612915790293,0.6587987847627951,1.0,10
CIFAR10,R50,Head,50,ED,KL-LiRA,-1,0,129,0.1555192023058347,0.1961205889226454,0.2645322115759134,0.3583235958557295,0.5099010672275454,0.789795123471216,1.0,10
CIFAR10,R50,Head,50,ED,WB-LiRA,-1,0,129,0.1671418555737321,0.2104385759912752,0.2790838981070344,0.3664407571862584,0.5233154163745424,0.8034275921165381,1.0,10
CIFAR10,R50,Head,50,ED,ACC-LiRA,-1,1,129,0.0469390618423309,0.093176609973966,0.1633123918499696,0.2636912092537453,0.4012658425179665,0.6551514490155425,1.0,10
CIFAR10,R50,Head,50,ED,KL-LiRA,-1,1,129,0.1464292952125586,0.1924641838277705,0.2526696493990366,0.3454565295337272,0.492010538294854,0.7633872199791105,1.0,10
CIFAR10,R50,Head,50,ED,WB-LiRA,-1,1,129,0.1668979063713034,0.2083495720766364,0.2708154707156999,0.3586761656819492,0.5072255912201662,0.7808938843593621,1.0,10
CIFAR10,R50,Head,50,ED,ACC-LiRA,-1,2,129,0.0856951434225082,0.1274520496720213,0.1864103083467069,0.2748944391642386,0.4206696685935089,0.6847509387513439,1.0,10
CIFAR10,R50,Head,50,ED,KL-LiRA,-1,2,129,0.148720026175971,0.1886072202053567,0.2533460058272697,0.3460837319455914,0.5007245134852993,0.7784079400445615,1.0,10
CIFAR10,R50,Head,50,ED,WB-LiRA,-1,2,129,0.1580218444711051,0.2023651859584612,0.2658419158317882,0.3623813901310356,0.5130022903974697,0.7981801467724092,1.0,10
CIFAR10,R50,Head,50,ED,ACC-LiRA,-1,3,129,0.007414445707877,0.0334740416517391,0.1369180205299148,0.2642564525927195,0.3946790448449352,0.6539509961214349,1.0,10
CIFAR10,R50,Head,50,ED,KL-LiRA,-1,3,129,0.1607190143148647,0.2139908721319646,0.2697705571737877,0.3578248882381346,0.5026558046075484,0.777488745930622,1.0,10
CIFAR10,R50,Head,50,ED,WB-LiRA,-1,3,129,0.1725883580741133,0.2203305347435318,0.2783999750774934,0.3659870091434446,0.5140422748017882,0.7869904515646661,1.0,10
CIFAR10,R50,Head,50,ED,ACC-LiRA,-1,10,129,0.0906457791550524,0.1422520516374169,0.2099132628431723,0.2967905694753726,0.4346824049706464,0.6963732345017675,1.0,10
CIFAR10,R50,Head,50,ED,KL-LiRA,-1,10,129,0.1727268480308952,0.2205802201909151,0.2777613404550197,0.3613996293816279,0.5083077689708333,0.7895728545400751,1.0,10
CIFAR10,R50,Head,50,ED,WB-LiRA,-1,10,129,0.1815251413177196,0.2309045891274896,0.2910444274880483,0.3734369403740442,0.52266533783889,0.8002242396873103,1.0,10
CIFAR100,ViT,Head,100,TD,ACC-LiRA,-1,0,129,0.0083458311534809,0.0180619659361739,0.0390637291945203,0.0847906372919452,0.2087961402081032,0.4492712511383673,1.0,100
CIFAR100,ViT,Head,100,TD,KL-LiRA,-1,0,129,0.124892169970354,0.1613834796256467,0.2083357553915014,0.2728640353426728,0.3774620705690867,0.6183549380921932,1.0,100
CIFAR100,ViT,Head,100,TD,WB-LiRA,-1,0,129,0.0590455153170958,0.1202270921738456,0.1813513146931736,0.2541068418299134,0.3665244434110329,0.6100230579937608,1.0,100
CIFAR100,ViT,Head,100,TD,ACC-LiRA,-1,1,129,0.0095218015459362,0.0205760519404817,0.0432341259383051,0.0928755468602239,0.2092176371917661,0.4524429265509747,1.0,100
CIFAR100,ViT,Head,100,TD,KL-LiRA,-1,1,129,0.1159824260595368,0.1518775405164903,0.1983695736428099,0.2630975155260245,0.3680349928532229,0.6078566489831733,1.0,100
CIFAR100,ViT,Head,100,TD,WB-LiRA,-1,1,129,0.0583307237003252,0.1294690611212223,0.1866014206738744,0.2567266520527218,0.3667126065427892,0.6069466363639182,1.0,100
CIFAR100,ViT,Head,100,TD,ACC-LiRA,-1,2,129,0.0093052027431898,0.0201522288999256,0.0431904349585397,0.0901784530759338,0.2076779550258869,0.4510581528660939,1.0,100
CIFAR100,ViT,Head,100,TD,KL-LiRA,-1,2,129,0.1202327696001103,0.1562745391389819,0.2025997824858472,0.2674276819704332,0.3737979940016945,0.6127651195979011,1.0,100
CIFAR100,ViT,Head,100,TD,WB-LiRA,-1,2,129,0.0708463595060893,0.1303356275934454,0.1855575563688004,0.2555930826468511,0.3661888745309221,0.607778417727946,1.0,100
CIFAR100,ViT,Head,100,TD,ACC-LiRA,-1,3,129,0.0086896058825763,0.0180923640766576,0.0380513268121239,0.0843442138154656,0.21029388851724,0.4474433877215326,1.0,100
CIFAR100,ViT,Head,100,TD,KL-LiRA,-1,3,129,0.1373151520836062,0.1735704203025161,0.2205206476973319,0.2846973792427718,0.3900795862476328,0.6311118897218474,1.0,100
CIFAR100,ViT,Head,100,TD,WB-LiRA,-1,3,129,0.0454301277395319,0.1214064293781544,0.1931774578755657,0.2701258171213917,0.3825682320101515,0.6248229715661522,1.0,100
CIFAR100,ViT,Head,100,TD,ACC-LiRA,-1,10,129,0.0084558729479508,0.0179652416179647,0.0375584015702435,0.0803129634237758,0.2030207962691212,0.4360425770412351,1.0,100
CIFAR100,ViT,Head,100,TD,KL-LiRA,-1,10,129,0.1398637664913941,0.1764144090927766,0.2227705464611768,0.2874865018438113,0.394084144773103,0.634076516812908,1.0,100
CIFAR100,ViT,Head,100,TD,WB-LiRA,-1,10,129,0.0938324375906498,0.1453552776724798,0.2015517937722046,0.2729724470945921,0.3862437799953643,0.6282501195744776,1.0,100
CIFAR100,ViT,Head,100,ED,ACC-LiRA,-1,0,129,0.0088782964211668,0.0190586913135305,0.0406270224185704,0.0878691701059892,0.2096649809141816,0.4528140440620822,1.0,100
CIFAR100,ViT,Head,100,ED,KL-LiRA,-1,0,129,0.1149938964134162,0.1515704625162278,0.1989947489778914,0.2635881338526226,0.3690193570888798,0.6094634656745916,1.0,100
CIFAR100,ViT,Head,100,ED,WB-LiRA,-1,0,129,0.0662768121839214,0.1239179212927977,0.1794423453273654,0.2491751438702552,0.3603138987385921,0.6030901586932512,1.0,100
CIFAR100,ViT,Head,100,ED,ACC-LiRA,-1,1,129,0.0080963218127079,0.0174258890063654,0.0381151111703661,0.0815957311571577,0.1997276163250372,0.4434761241833915,1.0,100
CIFAR100,ViT,Head,100,ED,KL-LiRA,-1,1,129,0.11961317487435,0.1556253352474087,0.2020041981502094,0.2662492287371753,0.3727974439032255,0.6135422900072243,1.0,100
CIFAR100,ViT,Head,100,ED,WB-LiRA,-1,1,129,0.0260996890144268,0.1334369951910406,0.1904205281483801,0.2583823479255743,0.3669505740675858,0.6090371849449496,1.0,100
CIFAR100,ViT,Head,100,ED,ACC-LiRA,-1,2,129,0.0083261565032158,0.017862361447128,0.0385122528063279,0.0846669576157472,0.2103833163699167,0.4579541111802739,1.0,100
CIFAR100,ViT,Head,100,ED,KL-LiRA,-1,2,129,0.1251667595584912,0.1615744117777014,0.2088182377012645,0.2741872094546565,0.3786281104872673,0.6176704280749843,1.0,100
CIFAR100,ViT,Head,100,ED,WB-LiRA,-1,2,129,0.102409942086663,0.1464933788412836,0.1955898734216464,0.2624781885086482,0.3724941493654028,0.6131263512272186,1.0,100
CIFAR100,ViT,Head,100,ED,ACC-LiRA,-1,3,129,0.0084004691301944,0.0183489438756882,0.0391233807760492,0.0840178691163965,0.2063335676917197,0.4415784851249605,1.0,100
CIFAR100,ViT,Head,100,ED,KL-LiRA,-1,3,129,0.131506061407065,0.1694294859024516,0.2174928510356599,0.2823997885348363,0.3899199021431002,0.6306591930371529,1.0,100
CIFAR100,ViT,Head,100,ED,WB-LiRA,-1,3,129,0.0719694708797431,0.1336486190038037,0.1961300634783074,0.2708242412873329,0.3829100800203403,0.6248400252083839,1.0,100
CIFAR100,ViT,Head,100,ED,ACC-LiRA,-1,10,129,0.0085706024305595,0.0182838484919662,0.0383677095421595,0.084225393820577,0.2059944604264681,0.4390658539478182,1.0,100
CIFAR100,ViT,Head,100,ED,KL-LiRA,-1,10,129,0.1340528732371001,0.1698546734046981,0.2163425946382571,0.2816508022148992,0.3887647278159305,0.6291206682837323,1.0,100
CIFAR100,ViT,Head,100,ED,WB-LiRA,-1,10,129,0.1054557744976515,0.1506870978169615,0.201802958315213,0.2702933586358354,0.3807801759857239,0.6233221782167473,1.0,100
CIFAR100,ViT,Head,50,TD,ACC-LiRA,-1,0,129,0.0070882824641785,0.0149040057326678,0.0305556158740302,0.0729891457766555,0.2380639217279898,0.5068401150256078,1.0,100
CIFAR100,ViT,Head,50,TD,KL-LiRA,-1,0,129,0.1522228047263488,0.2020377648799645,0.2621128975719918,0.3378629061027475,0.4568421313860462,0.7111439588290219,1.0,100
CIFAR100,ViT,Head,50,TD,WB-LiRA,-1,0,129,0.036961437882139,0.103482719791043,0.2238532337768292,0.3409882647822486,0.474044788018476,0.7296975769551717,1.0,100
CIFAR100,ViT,Head,50,TD,ACC-LiRA,-1,1,129,0.0091974489099549,0.0175961311776457,0.035252751479657,0.0980994006923678,0.2895149082426513,0.5558764408819624,1.0,100
CIFAR100,ViT,Head,50,TD,KL-LiRA,-1,1,129,0.1039296216793021,0.1455554452619954,0.2064835035300832,0.2927937289839067,0.4194145273162681,0.6774425198218208,1.0,100
CIFAR100,ViT,Head,50,TD,WB-LiRA,-1,1,129,0.1029338776320524,0.1782490414800293,0.2613579963520405,0.3512758552231583,0.4780889779509387,0.7309660888662787,1.0,100
CIFAR100,ViT,Head,50,TD,ACC-LiRA,-1,2,129,0.0100416087044851,0.021272702177517,0.0434929600181136,0.0922881995977153,0.2314935865524637,0.4858479227439723,1.0,100
CIFAR100,ViT,Head,50,TD,KL-LiRA,-1,2,129,0.1429258223651051,0.1868964372837565,0.2421477721586124,0.320058249084624,0.4391494020784191,0.6928616956438803,1.0,100
CIFAR100,ViT,Head,50,TD,WB-LiRA,-1,2,129,0.0949292589990648,0.1553851712966624,0.2298497092973665,0.3198783530831228,0.4518119094254649,0.7045859522934413,1.0,100
CIFAR100,ViT,Head,50,TD,ACC-LiRA,-1,3,129,0.0057092175487888,0.0123673870638619,0.027693271434375,0.080201946902106,0.2536694359938101,0.522190280374991,1.0,100
CIFAR100,ViT,Head,50,TD,KL-LiRA,-1,3,129,0.1831306731666775,0.2263529543107538,0.281230908543979,0.3577145763363631,0.4755009132887388,0.7292974964414302,1.0,100
CIFAR100,ViT,Head,50,TD,WB-LiRA,-1,3,129,0.0347902537050992,0.1210409941047134,0.2567411252833676,0.363726156031272,0.4930131085619656,0.7445985716102103,1.0,100
CIFAR100,ViT,Head,50,TD,ACC-LiRA,-1,10,129,0.005823689204778,0.0120939232687083,0.0269399893325394,0.1118176236371078,0.2928869125144197,0.5624294521142659,1.0,100
CIFAR100,ViT,Head,50,TD,KL-LiRA,-1,10,129,0.18982497922326,0.2340980414046316,0.2902991230355127,0.3665389052208536,0.4839150820526178,0.7360842357260695,1.0,100
CIFAR100,ViT,Head,50,TD,WB-LiRA,-1,10,129,0.1315136630322876,0.2150191021967526,0.2933164018407571,0.3816346022649747,0.5040049492055223,0.75480655924782,1.0,100
CIFAR100,ViT,Head,100,TD,ACC-LiRA,8,0,129,0.0037939119145885,0.0115553488732585,0.0321006026080722,0.0850037784107423,0.2068259412118041,0.4648809316204538,1.0,100
CIFAR100,ViT,Head,100,TD,KL-LiRA,8,0,129,0.0046480265070045,0.0132713286442287,0.0362665426572884,0.0928473715824759,0.2228332267627739,0.5020163149838206,1.0,100
CIFAR100,ViT,Head,100,TD,WB-LiRA,8,0,129,0.0069111976593229,0.0175574027785851,0.0439070704722044,0.1039462109322017,0.2319936445193667,0.5062434846635276,1.0,100
CIFAR100,ViT,Head,100,TD,ACC-LiRA,8,1,129,0.0034764962498798,0.0102046985796361,0.0299761567392093,0.0824646614349984,0.2039629731833078,0.4627158373201291,1.0,100
CIFAR100,ViT,Head,100,TD,KL-LiRA,8,1,129,0.0050066196829373,0.0138695534892085,0.0366190938320677,0.0936258809449248,0.2249420971527612,0.5054530994688751,1.0,100
CIFAR100,ViT,Head,100,TD,WB-LiRA,8,1,129,0.0072746749844197,0.0185327868090027,0.0445673641879803,0.1043778273177416,0.2343693317995926,0.5091791903213104,1.0,100
CIFAR100,ViT,Head,100,TD,ACC-LiRA,8,2,129,0.0042704400126818,0.011726849974923,0.0331348626505874,0.0868901600039068,0.2073826132860373,0.4649066572818793,1.0,100
CIFAR100,ViT,Head,100,TD,KL-LiRA,8,2,129,0.0045758590297442,0.0124849712913875,0.0342115809620078,0.0901590736966786,0.2216008762580124,0.5051700307977095,1.0,100
CIFAR100,ViT,Head,100,TD,WB-LiRA,8,2,129,0.0072912976509866,0.0182274689522964,0.0440136709893018,0.1035936345715723,0.2334432273332966,0.5082583286758225,1.0,100
CIFAR100,ViT,Head,100,TD,ACC-LiRA,8,3,129,0.0038990827465976,0.0106608518914427,0.0300182861554656,0.0818016707918393,0.2024747935540333,0.4596437184071588,1.0,100
CIFAR100,ViT,Head,100,TD,KL-LiRA,8,3,129,0.0045633996280755,0.0130344088238645,0.0349297351181778,0.0901626064786786,0.2217190536468826,0.5051195809144938,1.0,100
CIFAR100,ViT,Head,100,TD,WB-LiRA,8,3,129,0.0070354025861073,0.0178140796420595,0.0446913949646795,0.1051829894569732,0.2354844435900397,0.512824726540971,1.0,100
CIFAR100,ViT,Head,100,TD,ACC-LiRA,8,10,129,0.0039225079864898,0.0112752724631412,0.031314947158546,0.0838021350536554,0.2044029764548744,0.4611194961825315,1.0,100
CIFAR100,ViT,Head,100,TD,KL-LiRA,8,10,129,0.0037124290014426,0.0107140282374063,0.0312552568196212,0.0860540887494563,0.2179209002233348,0.5023399388057747,1.0,100
CIFAR100,ViT,Head,100,TD,WB-LiRA,8,10,129,0.007248887782938,0.0180838470966076,0.0439398414407542,0.1037952977966513,0.2329481368474663,0.5063725250796324,1.0,100
CIFAR100,ViT,Head,100,ED,ACC-LiRA,8,0,129,0.0035365924548043,0.0103656339010637,0.0300676238640547,0.0815439167587048,0.2036489759538065,0.4618458020887829,1.0,100
CIFAR100,ViT,Head,100,ED,KL-LiRA,8,0,129,0.0043953573989032,0.0127458389040671,0.0352868685694355,0.0922684027979616,0.2240880466585285,0.5100839000949446,1.0,100
CIFAR100,ViT,Head,100,ED,WB-LiRA,8,0,129,0.007684706155903,0.0189618089868046,0.0457238078629696,0.1060047666104749,0.2361363328101687,0.5141056792419927,1.0,100
CIFAR100,ViT,Head,100,ED,ACC-LiRA,8,1,129,0.0035493592705016,0.0103186439416723,0.02965990022417,0.0818530771448858,0.2029537428338444,0.4610407629843453,1.0,100
CIFAR100,ViT,Head,100,ED,KL-LiRA,8,1,129,0.0045237083866887,0.0124494997256009,0.0346176861805204,0.0912934891465104,0.223434452736704,0.5068855554487587,1.0,100
CIFAR100,ViT,Head,100,ED,WB-LiRA,8,1,129,0.0076428657801149,0.0190273251830102,0.0454618740368903,0.1048560877828868,0.2348863491906003,0.5110852559352356,1.0,100
CIFAR100,ViT,Head,100,ED,ACC-LiRA,8,2,129,0.0035200704479194,0.0106129232553326,0.0301628410480058,0.0824104226952685,0.2041780391323929,0.4611424066553439,1.0,100
CIFAR100,ViT,Head,100,ED,KL-LiRA,8,2,129,0.0036231687455572,0.0112764732010316,0.0320883761708052,0.0876676606996266,0.2209962396252493,0.5073971090617202,1.0,100
CIFAR100,ViT,Head,100,ED,WB-LiRA,8,2,129,0.0073285060591567,0.0182313448281475,0.0443547480641938,0.1043316013336113,0.2345625802790785,0.5111450810096811,1.0,100
CIFAR100,ViT,Head,100,ED,ACC-LiRA,8,3,129,0.0040122569177712,0.0108879753993459,0.0303275772123031,0.0814272658282992,0.2032964690433759,0.4613514081269907,1.0,100
CIFAR100,ViT,Head,100,ED,KL-LiRA,8,3,129,0.0045192151913845,0.0126964366414557,0.0345964139291049,0.0906153031633731,0.2237027023046447,0.5095147696169209,1.0,100
CIFAR100,ViT,Head,100,ED,WB-LiRA,8,3,129,0.0070795870227983,0.0182574743400821,0.0452316853572001,0.1053713546870773,0.2365642492095249,0.5144952083141157,1.0,100
CIFAR100,ViT,Head,100,ED,ACC-LiRA,8,10,129,0.0035907227259725,0.0108566648914604,0.0308823860011426,0.0827897248895535,0.2041378583261433,0.4617226011654345,1.0,100
CIFAR100,ViT,Head,100,ED,KL-LiRA,8,10,129,0.0035705675465952,0.0106186787349679,0.0306079654819297,0.0840323692180798,0.2157914280022108,0.5031988595269269,1.0,100
CIFAR100,ViT,Head,100,ED,WB-LiRA,8,10,129,0.0070612895748885,0.0181109790688462,0.0441181372583219,0.1045968537764992,0.2355256742101301,0.5109725571728795,1.0,100
CIFAR100,ViT,Head,50,TD,ACC-LiRA,1,0,129,0.0012594497507468,0.0040652928530879,0.0126673966925484,0.039027431808241,0.1196213585306006,0.3523372719573897,1.0,100
CIFAR100,ViT,Head,50,TD,KL-LiRA,1,0,129,0.0015246787007193,0.0045678319161938,0.0137593334222599,0.0418565406079481,0.1243458461423922,0.358203329786607,1.0,100
CIFAR100,ViT,Head,50,TD,WB-LiRA,1,0,129,0.0013370020753002,0.0041056200618557,0.0132009566854756,0.0408824834115577,0.1229359448820119,0.358387904319044,1.0,100
CIFAR100,ViT,Head,50,TD,ACC-LiRA,1,1,129,0.0012237415160125,0.0040512203293089,0.0127135731391063,0.0393784199620314,0.1194675716253272,0.3521242539674661,1.0,100
CIFAR100,ViT,Head,50,TD,KL-LiRA,1,1,129,0.0014269229337535,0.0044994602508902,0.0139605797029518,0.0418693310833447,0.1241779683099028,0.3590060551164493,1.0,100
CIFAR100,ViT,Head,50,TD,WB-LiRA,1,1,129,0.0014563919943419,0.0044141550755028,0.0137108681895449,0.0413714590597198,0.1231496531956869,0.3581499013561972,1.0,100
CIFAR100,ViT,Head,50,TD,ACC-LiRA,1,2,129,0.0009351490422864,0.0034660996840964,0.0123151219648365,0.039386368535569,0.1180877675371462,0.3497519451255162,1.0,100
CIFAR100,ViT,Head,50,TD,KL-LiRA,1,2,129,0.001360075804453,0.0042430643112697,0.0136581386656989,0.0420770544200912,0.1233667846846469,0.357290518084976,1.0,100
CIFAR100,ViT,Head,50,TD,WB-LiRA,1,2,129,0.0013088984936811,0.004267877552856,0.0135945547341338,0.0416164586231442,0.1246353616607502,0.3584706978879279,1.0,100
CIFAR100,ViT,Head,50,TD,ACC-LiRA,1,3,129,0.0012575164128375,0.0041012711614737,0.0128310090212459,0.039153572059877,0.1192128660520187,0.3547638319052537,1.0,100
CIFAR100,ViT,Head,50,TD,KL-LiRA,1,3,129,0.0014714957777839,0.0045478367926664,0.0136574655539739,0.0412034323530597,0.1233901153937995,0.3590620261054825,1.0,100
CIFAR100,ViT,Head,50,TD,WB-LiRA,1,3,129,0.0014311808249679,0.0046765345266559,0.0138931529704367,0.0418438198727908,0.1230629440459466,0.3581642431177724,1.0,100
CIFAR100,ViT,Head,50,TD,ACC-LiRA,1,10,129,0.0011535742194767,0.0037522172192659,0.0124644934816854,0.0396587653034644,0.1184165643334697,0.3500787655515449,1.0,100
CIFAR100,ViT,Head,50,TD,KL-LiRA,1,10,129,0.0013892506729182,0.004594140339126,0.0136909413413711,0.041013904910753,0.1231378459172155,0.3576746796660837,1.0,100
CIFAR100,ViT,Head,50,TD,WB-LiRA,1,10,129,0.0014357657624133,0.004335206340937,0.013329674146293,0.0407503194036145,0.1225936193701236,0.3562761259752663,1.0,100
CIFAR100,ViT,Head,50,ED,ACC-LiRA,1,0,129,0.0010624668463812,0.0036263466961158,0.0118856692610504,0.0386567316968758,0.1177926747176319,0.3510561075557679,1.0,100
CIFAR100,ViT,Head,50,ED,KL-LiRA,1,0,129,0.0014843514919516,0.0045197494749707,0.0137096999345458,0.041968215955305,0.1233547274346001,0.3574169492156357,1.0,100
CIFAR100,ViT,Head,50,ED,WB-LiRA,1,0,129,0.0014393711437106,0.004642282147765,0.0140835021388931,0.0414548195667617,0.1236339158029922,0.3584701097830706,1.0,100
CIFAR100,ViT,Head,50,ED,ACC-LiRA,1,1,129,0.001116722295981,0.0039860781953767,0.0123165163227575,0.0395335202809176,0.1183430943134019,0.3516000148896306,1.0,100
CIFAR100,ViT,Head,50,ED,KL-LiRA,1,1,129,0.0013152507041554,0.0042016676386286,0.0136007469631357,0.0416878637102477,0.1230457359820331,0.3580351271202213,1.0,100
CIFAR100,ViT,Head,50,ED,WB-LiRA,1,1,129,0.0015106771059521,0.0047150496941421,0.014048986884717,0.0419903093320759,0.1236537292320673,0.357293747595945,1.0,100
CIFAR100,ViT,Head,50,ED,ACC-LiRA,1,2,129,0.0011243500093825,0.003723537065555,0.0121476325841285,0.039000212463381,0.120072826864056,0.3530288438425165,1.0,100
CIFAR100,ViT,Head,50,ED,KL-LiRA,1,2,129,0.0014236597360181,0.0043841896227922,0.013575944802944,0.0415792387607646,0.1229372054396828,0.3572874164297777,1.0,100
CIFAR100,ViT,Head,50,ED,WB-LiRA,1,2,129,0.0013771349080436,0.0042027427936918,0.0130362567984404,0.04091393372073,0.1230767799236062,0.3580364661601664,1.0,100
CIFAR100,ViT,Head,50,ED,ACC-LiRA,1,3,129,0.0010714473998406,0.0036112894272485,0.0120169570893844,0.0386325788234856,0.1177708312012925,0.3500361284000235,1.0,100
CIFAR100,ViT,Head,50,ED,KL-LiRA,1,3,129,0.0013288428678196,0.0043152505264202,0.0133628562833955,0.0412825116835834,0.1226334347409454,0.3567299611425877,1.0,100
CIFAR100,ViT,Head,50,ED,WB-LiRA,1,3,129,0.0014435854258344,0.0042594298225211,0.0135907908243167,0.0411305553229692,0.1217558092296432,0.3572447520785459,1.0,100
CIFAR100,ViT,Head,50,ED,ACC-LiRA,1,10,129,0.0011721802552748,0.0037816767759461,0.0121063272925737,0.0387966856448231,0.1183948572917054,0.3499996898994034,1.0,100
CIFAR100,ViT,Head,50,ED,KL-LiRA,1,10,129,0.0013380840744737,0.0043553628797181,0.0136211687071285,0.0409472332824768,0.1226184274178543,0.3573738820873491,1.0,100
CIFAR100,ViT,Head,50,ED,WB-LiRA,1,10,129,0.0013442860864064,0.0042747367245934,0.0135901586474652,0.0414682022848212,0.122957987571168,0.3578018209107034,1.0,100
CIFAR100,R50,Head,50,TD,ACC-LiRA,-1,0,129,0.0159943914158883,0.0364123674243011,0.1182099062237291,0.3279998014660491,0.5267074695296917,0.7910523230023296,1.0,100
CIFAR100,R50,Head,50,TD,KL-LiRA,-1,0,129,0.1870856767060736,0.250058164243415,0.3294515809816883,0.4331871213507753,0.5787218136076411,0.8402825386288129,1.0,100
CIFAR100,R50,Head,50,TD,WB-LiRA,-1,0,129,0.1567596157127213,0.2415956545881506,0.346005900180852,0.4622242627100504,0.6106268399289,0.8639344465711015,1.0,100
CIFAR100,R50,Head,50,TD,ACC-LiRA,-1,1,129,0.0086328837492089,0.0284329904582283,0.1414127157445435,0.3751426922933754,0.5509876788306677,0.8103665951137196,1.0,100
CIFAR100,R50,Head,50,TD,KL-LiRA,-1,1,129,0.2305860930850073,0.2916692516719814,0.369774670256722,0.4670008561537602,0.6040009678259899,0.8572658295385456,1.0,100
CIFAR100,R50,Head,50,TD,WB-LiRA,-1,1,129,0.1682124998448997,0.2778792823198044,0.3790977504249749,0.4892034668023277,0.6313311950169369,0.8820462074870026,1.0,100
CIFAR100,R50,Head,50,TD,ACC-LiRA,-1,2,129,0.0172638128337187,0.0422647045595882,0.1160065568990892,0.2813185756578998,0.4818095676757902,0.7533424211830644,1.0,100
CIFAR100,R50,Head,50,TD,KL-LiRA,-1,2,129,0.1557899373000401,0.2238138882814814,0.313071770750461,0.4296769471028214,0.5793240562826353,0.8296291816127677,1.0,100
CIFAR100,R50,Head,50,TD,WB-LiRA,-1,2,129,0.1509404993975034,0.2307398843392776,0.3268415690032986,0.4393711704250974,0.5856514328871603,0.8374484543676733,1.0,100
CIFAR100,R50,Head,50,TD,ACC-LiRA,-1,3,129,0.0143536737776041,0.0363640874400315,0.120116851340162,0.3196262493758935,0.5092848437485463,0.7725120247099649,1.0,100
CIFAR100,R50,Head,50,TD,KL-LiRA,-1,3,129,0.2008863087319086,0.2654522562418401,0.3442245728940864,0.4468850496649207,0.5909241737760536,0.8512936448128611,1.0,100
CIFAR100,R50,Head,50,TD,WB-LiRA,-1,3,129,0.1691289799386592,0.2510226042839289,0.3488452867168433,0.4595610011753359,0.6049413727551549,0.8580743097614906,1.0,100
CIFAR100,R50,Head,50,TD,ACC-LiRA,-1,10,129,0.0089882657934233,0.0276067056153016,0.1342782098512757,0.3863310758009898,0.5557297287239981,0.8120542303923393,1.0,100
CIFAR100,R50,Head,50,TD,KL-LiRA,-1,10,129,0.2394643322293752,0.3035652265594959,0.3801972859995782,0.4751919522693161,0.6129510413178035,0.8624440268423077,1.0,100
CIFAR100,R50,Head,50,TD,WB-LiRA,-1,10,129,0.22240879941453,0.3083004626700902,0.4025229784542105,0.5059384264255324,0.6453953162405884,0.8941967774345998,1.0,100
CIFAR100,R50,Head,50,ED,ACC-LiRA,-1,0,129,0.0202054826391366,0.0490316816756265,0.1485638860539205,0.3373386523887667,0.524579433743947,0.7866380446887515,1.0,100
CIFAR100,R50,Head,50,ED,KL-LiRA,-1,0,129,0.1421828807896688,0.2214320502042728,0.3187757279836706,0.4358735338733043,0.5810499343907334,0.8367228869318128,1.0,100
CIFAR100,R50,Head,50,ED,WB-LiRA,-1,0,129,0.1038208479260957,0.2067172721435152,0.3319828888551105,0.4564124915080204,0.6069400024196325,0.8575906664226354,1.0,100
CIFAR100,R50,Head,50,ED,ACC-LiRA,-1,1,129,0.0109144094400258,0.0330286129068281,0.1513841152457409,0.3723570905661782,0.5505146228580646,0.8090916704924745,1.0,100
CIFAR100,R50,Head,50,ED,KL-LiRA,-1,1,129,0.0904374449393868,0.1374328415619222,0.2081430769421662,0.3093615450473366,0.4730994006923678,0.7569081682031938,1.0,100
CIFAR100,R50,Head,50,ED,WB-LiRA,-1,1,129,0.131273807898949,0.2493361706351668,0.3620041442805206,0.480161118211259,0.6245998411772734,0.8753133026441502,1.0,100
CIFAR100,R50,Head,50,ED,ACC-LiRA,-1,2,129,0.0234019884711476,0.0543673631433414,0.1320079960671012,0.2843923159594117,0.4700698027502377,0.7396455118273867,1.0,100
CIFAR100,R50,Head,50,ED,KL-LiRA,-1,2,129,0.1631687750167877,0.2316362626915853,0.3213392326815205,0.4340084085872426,0.5795039522841364,0.8298618057526399,1.0,100
CIFAR100,R50,Head,50,ED,WB-LiRA,-1,2,129,0.1380252071517965,0.2339144284347342,0.3383688705477678,0.4521670489456698,0.5989932027226329,0.8438223558001727,1.0,100
CIFAR100,R50,Head,50,ED,ACC-LiRA,-1,3,129,0.0156173924908748,0.0394249227038308,0.1247856329912764,0.3173732637435225,0.5125720629781586,0.7757573784116529,1.0,100
CIFAR100,R50,Head,50,ED,KL-LiRA,-1,3,129,0.1590300842582513,0.229402935548795,0.3225475328799452,0.4357550215374882,0.5817959381134463,0.8375353918768471,1.0,100
CIFAR100,R50,Head,50,ED,WB-LiRA,-1,3,129,0.1582408415281228,0.2425657676432188,0.3449890064224821,0.4582182031315415,0.6027814216292823,0.854377738703285,1.0,100
CIFAR100,R50,Head,50,ED,ACC-LiRA,-1,10,129,0.0093061189049727,0.0239475185750257,0.0882453267840087,0.3323115518674258,0.5299929297063968,0.7903952542204691,1.0,100
CIFAR100,R50,Head,50,ED,KL-LiRA,-1,10,129,0.1905661196492142,0.2618442922884184,0.3488368126620275,0.453680273880847,0.5973901933787321,0.8550682841513787,1.0,100
CIFAR100,R50,Head,50,ED,WB-LiRA,-1,10,129,0.1422881082623203,0.2599340726131557,0.3814423398950619,0.4964571006834617,0.6408569940088564,0.8868334387675362,1.0,100
CIFAR10,R50,FiLM,50,TD,ACC-LiRA,-1,0,129,0.0277479161797927,0.0501363246864532,0.1049777985510633,0.2035522318298668,0.3505024538443561,0.6133987691828309,1.0,10
CIFAR10,R50,FiLM,50,TD,KL-LiRA,-1,0,129,0.1103061462958635,0.1458440445586975,0.1940017137960582,0.2763106644854717,0.4252395419490535,0.7023915244994936,1.0,10
CIFAR10,R50,FiLM,50,TD,WB-LiRA,-1,0,129,0.1202617433979901,0.1566876996182908,0.210594375632936,0.292825426501519,0.4411778452909558,0.7175196697047597,1.0,10
CIFAR10,R50,FiLM,50,TD,ACC-LiRA,-1,1,129,0.0426520336103013,0.0750619670444447,0.1277066737337677,0.2087393019159119,0.3483405303443653,0.6145104213759022,1.0,10
CIFAR10,R50,FiLM,50,TD,KL-LiRA,-1,1,129,0.1019689151480194,0.1369666547149516,0.1933527678613185,0.2782982836297878,0.4272062606201381,0.7117090432911906,1.0,10
CIFAR10,R50,FiLM,50,TD,WB-LiRA,-1,1,129,0.1208630177560914,0.1527117402216783,0.2064009228802594,0.2900213571951923,0.4391787612826788,0.7234477060501661,1.0,10
CIFAR10,R50,FiLM,50,TD,ACC-LiRA,-1,2,129,0.0141007463267945,0.0421464296287063,0.1112790389679188,0.2070394665087798,0.3414561942007759,0.607827861828267,1.0,10
CIFAR10,R50,FiLM,50,TD,KL-LiRA,-1,2,129,0.1113725245789252,0.1510571664511304,0.2029572614948349,0.2841339337187017,0.4312491235723968,0.7117059565915146,1.0,10
CIFAR10,R50,FiLM,50,TD,WB-LiRA,-1,2,129,0.0885152926878671,0.1459622006512831,0.2056995060843552,0.2915504588585407,0.4371854598713015,0.7214284601361773,1.0,10
CIFAR10,R50,FiLM,50,TD,ACC-LiRA,-1,3,129,0.0196576270658421,0.0514338229567438,0.1154223586037165,0.2192869047804483,0.3567968348416642,0.6282652377762894,1.0,10
CIFAR10,R50,FiLM,50,TD,KL-LiRA,-1,3,129,0.1102353619215252,0.1552827925668624,0.2018878798735182,0.2843034938238913,0.4249443137743579,0.709979906229069,1.0,10
CIFAR10,R50,FiLM,50,TD,WB-LiRA,-1,3,129,0.1107338120531472,0.1578061963581987,0.2159223663919998,0.3012196451658125,0.4461284443682923,0.7233757535164099,1.0,10
CIFAR10,R50,FiLM,50,TD,ACC-LiRA,-1,10,129,0.0179236027843094,0.0380740302412133,0.083513711322547,0.1772427861781148,0.3226715667190931,0.601009078592896,1.0,10
CIFAR10,R50,FiLM,50,TD,KL-LiRA,-1,10,129,0.1053926530358004,0.1404145319775137,0.1899652739928679,0.2706448448230219,0.4157310369528318,0.6959527850880608,1.0,10
CIFAR10,R50,FiLM,50,TD,WB-LiRA,-1,10,129,0.117554541632278,0.1551302614572465,0.2044162760639706,0.2881479981936247,0.4352274319884143,0.7149975863089213,1.0,10
CIFAR10,R50,FiLM,50,ED,ACC-LiRA,-1,0,129,0.076762483446288,0.1110539845758354,0.1547246241333645,0.2312378281529952,0.3651787800888058,0.6358962374386539,1.0,10
CIFAR10,R50,FiLM,50,ED,KL-LiRA,-1,0,129,0.1195450650463503,0.1531666277167562,0.2033029524032094,0.2830567889693853,0.4363792163278024,0.7201371036846616,1.0,10
CIFAR10,R50,FiLM,50,ED,WB-LiRA,-1,0,129,0.1346264703591181,0.1689023915244994,0.2179481187193269,0.3011918672587053,0.4479862896315338,0.7322583158058736,1.0,10
CIFAR10,R50,FiLM,50,ED,ACC-LiRA,-1,1,129,0.0237891093893712,0.0493553868458384,0.1038240291829703,0.1933995354420316,0.3297270332205715,0.5996850982898655,1.0,10
CIFAR10,R50,FiLM,50,ED,KL-LiRA,-1,1,129,0.1085943224157014,0.139227087782749,0.1911235131806631,0.2722652657178044,0.4172291767346875,0.696088671333032,1.0,10
CIFAR10,R50,FiLM,50,ED,WB-LiRA,-1,1,129,0.107316008542878,0.1502486476374577,0.2065879932031116,0.2920635415529954,0.4363259388591828,0.7177108828160319,1.0,10
CIFAR10,R50,FiLM,50,ED,ACC-LiRA,-1,2,129,0.046586996151509,0.0889359779373958,0.1447780495785357,0.2262040167650862,0.3589068415886322,0.6245150433929044,1.0,10
CIFAR10,R50,FiLM,50,ED,KL-LiRA,-1,2,129,0.1110141630700674,0.1530826880229351,0.2034558514202022,0.2848973995419205,0.4224926380081332,0.7048503451177139,1.0,10
CIFAR10,R50,FiLM,50,ED,WB-LiRA,-1,2,129,0.1333416431654228,0.1696608030413985,0.2202053567255106,0.3027998940496408,0.4409560461818918,0.7214284601361773,1.0,10
CIFAR10,R50,FiLM,50,ED,ACC-LiRA,-1,3,129,0.0214489322263586,0.0548295144784186,0.1099082540226483,0.213103007835013,0.3469991744419695,0.6189348743749903,1.0,10
CIFAR10,R50,FiLM,50,ED,KL-LiRA,-1,3,129,0.1202822473870309,0.1584915652891789,0.2107197931431954,0.2872474649137837,0.4299288150905777,0.7113350675244162,1.0,10
CIFAR10,R50,FiLM,50,ED,WB-LiRA,-1,3,129,0.1297527998878487,0.169317279085344,0.2220283805043692,0.3047866789202324,0.4458169130360286,0.7245595725790122,1.0,10
CIFAR10,R50,FiLM,50,ED,ACC-LiRA,-1,10,129,0.0334646588909478,0.0754473114595823,0.1346683899901895,0.2194590217543641,0.367239204571998,0.6356105081209026,1.0,10
CIFAR10,R50,FiLM,50,ED,KL-LiRA,-1,10,129,0.1214164473581761,0.1566407649064889,0.2073594219599171,0.289347057632714,0.4338259339427254,0.7143902704891228,1.0,10
CIFAR10,R50,FiLM,50,ED,WB-LiRA,-1,10,129,0.1272093059470233,0.1645825871653923,0.2179485183051216,0.2978961957114159,0.447560614790476,0.7290125667658097,1.0,10
CIFAR10,R50,FiLM,50,TD,ACC-LiRA,8,0,65,0.0013338296420373,0.0049010484521372,0.0176189589924933,0.0549972082635399,0.1646504125566102,0.4263291767479372,1.0,10
CIFAR10,R50,FiLM,50,TD,KL-LiRA,8,0,65,0.0028847943420807,0.0089025373782492,0.0263974191947391,0.0737018425460636,0.1928469508033997,0.4777901854953781,1.0,10
CIFAR10,R50,FiLM,50,TD,WB-LiRA,8,0,65,0.0043116818661207,0.0107636950183013,0.0274520751907686,0.07714498418016,0.1979961536075438,0.4858241826416031,1.0,10
CIFAR10,R50,FiLM,50,TD,ACC-LiRA,8,1,65,0.0021418593822753,0.0067980754306999,0.0206425578146826,0.0593822753375756,0.1640229706658389,0.4212323451808163,1.0,10
CIFAR10,R50,FiLM,50,TD,KL-LiRA,8,1,65,0.0028868539500232,0.0081949402452273,0.0217290082259816,0.0669874282166692,0.1874902995498991,0.4717367685860624,1.0,10
CIFAR10,R50,FiLM,50,TD,WB-LiRA,8,1,65,0.0028247710693776,0.0075430699984479,0.0257333540276268,0.0732888406022039,0.1950954524289927,0.4889337265249107,1.0,10
CIFAR10,R50,FiLM,50,TD,ACC-LiRA,8,2,65,0.0021708792060784,0.0064816250581485,0.0209024654985269,0.0590479144053341,0.1652969452628314,0.4244999224685998,1.0,10
CIFAR10,R50,FiLM,50,TD,KL-LiRA,8,2,65,0.0024810048069468,0.0083113661032718,0.0254613118312916,0.0707706621181578,0.1895487672507365,0.4640719491394015,1.0,10
CIFAR10,R50,FiLM,50,TD,WB-LiRA,8,2,65,0.0021088540859047,0.009024654985269,0.0286556055202356,0.0789269654209955,0.1997208869592185,0.4809117692665529,1.0,10
CIFAR10,R50,FiLM,50,TD,ACC-LiRA,8,3,65,0.0030706243602865,0.0086225613349461,0.0235724698365435,0.0635526193356285,0.1731335876678763,0.4265066220030396,1.0,10
CIFAR10,R50,FiLM,50,TD,KL-LiRA,8,3,65,0.0022641977606153,0.00735088862008,0.0239446667286994,0.0725473775627306,0.1858192984088582,0.4751713656524301,1.0,10
CIFAR10,R50,FiLM,50,TD,WB-LiRA,8,3,65,0.0030706243602865,0.0086225613349461,0.0253093886666046,0.0756180019230172,0.1981328122576843,0.4929437672528767,1.0,10
CIFAR10,R50,FiLM,50,TD,ACC-LiRA,8,10,65,0.0035697656371255,0.0080086916032903,0.0225671271146981,0.0651559832376222,0.1745149774949557,0.4260127269905324,1.0,10
CIFAR10,R50,FiLM,50,TD,KL-LiRA,8,10,65,0.0029489368306689,0.0079776501629675,0.0236225360856743,0.0717057271457395,0.1951264938693155,0.4803973304361322,1.0,10
CIFAR10,R50,FiLM,50,TD,WB-LiRA,8,10,65,0.0039422629209995,0.0121372031662269,0.0288685395002328,0.0790315070619276,0.2024212323451808,0.4937141083346267,1.0,10
CIFAR10,R50,FiLM,50,ED,ACC-LiRA,8,0,65,0.0026986785780755,0.0066691482101867,0.0215584093306036,0.0623487809417457,0.1646504125566102,0.4102301631614864,1.0,10
CIFAR10,R50,FiLM,50,ED,KL-LiRA,8,0,65,0.0027296978720764,0.0074136112662075,0.0230163161486444,0.0665053663378621,0.1857745517712017,0.4747192753892921,1.0,10
CIFAR10,R50,FiLM,50,ED,WB-LiRA,8,0,65,0.0031639679880885,0.0089955952602518,0.0257460140207208,0.0735467460760593,0.1973757677275265,0.4872820894596439,1.0,10
CIFAR10,R50,FiLM,50,ED,ACC-LiRA,8,1,65,0.0017072792177557,0.0065497439081173,0.0180971597082104,0.0566816700294893,0.1598634176625795,0.4234673288840602,1.0,10
CIFAR10,R50,FiLM,50,ED,KL-LiRA,8,1,65,0.003662889958094,0.0092193077758808,0.0232500388018004,0.0675461741424802,0.1931708831289771,0.4805525376377464,1.0,10
CIFAR10,R50,FiLM,50,ED,WB-LiRA,8,1,65,0.0044078845258419,0.0109265869936365,0.0293962439857209,0.076392984634487,0.1997827099177402,0.4997051063169331,1.0,10
CIFAR10,R50,FiLM,50,ED,ACC-LiRA,8,2,65,0.001674678244689,0.0069158008993642,0.0212746162195689,0.0616839820127151,0.1680880756706466,0.4236005582260815,1.0,10
CIFAR10,R50,FiLM,50,ED,KL-LiRA,8,2,65,0.0027911304078151,0.0085284540238796,0.0239727089471235,0.065839665064351,0.1803380369049465,0.4615289192122809,1.0,10
CIFAR10,R50,FiLM,50,ED,WB-LiRA,8,2,65,0.0027911304078151,0.0079392153822298,0.0251511862304233,0.0743371065281439,0.1942006512637618,0.475825709412312,1.0,10
CIFAR10,R50,FiLM,50,ED,ACC-LiRA,8,3,65,0.0014887875686238,0.0049316088210663,0.0184237461617195,0.057535436245774,0.1587729909121925,0.4353152817840637,1.0,10
CIFAR10,R50,FiLM,50,ED,KL-LiRA,8,3,65,0.0025123290220526,0.0076610526968766,0.0215253869296858,0.0658788499116032,0.1845476256939921,0.47610185788282,1.0,10
CIFAR10,R50,FiLM,50,ED,WB-LiRA,8,3,65,0.0027294438758103,0.0105455786110852,0.029589652926398,0.0781303309450699,0.1942247448900468,0.4863682888247883,1.0,10
CIFAR10,R50,FiLM,50,ED,ACC-LiRA,8,10,65,0.0040974701226136,0.0092503492162036,0.0221015055098556,0.061151637435977,0.1669719074965078,0.4336178798696259,1.0,10
CIFAR10,R50,FiLM,50,ED,KL-LiRA,8,10,65,0.0031662269129287,0.0085984789694241,0.0250194009002017,0.0722023901909048,0.1942883749805991,0.4834704330280925,1.0,10
CIFAR10,R50,FiLM,50,ED,WB-LiRA,8,10,65,0.0028247710693776,0.0094676392984634,0.0275027161260282,0.0764861089554555,0.1980133478193388,0.4924724507217135,1.0,10
CIFAR10,R50,FiLM,50,TD,ACC-LiRA,1,0,65,0.0008995595260251,0.0031949872820894,0.01036044419629,0.0351758793969849,0.1051864259569452,0.3273155902971648,1.0,10
CIFAR10,R50,FiLM,50,TD,KL-LiRA,1,0,65,0.0014579068180408,0.0044047397481233,0.0115701966623239,0.0357652459830014,0.1120106706371363,0.3418326198895713,1.0,10
CIFAR10,R50,FiLM,50,TD,WB-LiRA,1,0,65,0.0008995595260251,0.0031019294000868,0.0119424281903343,0.0384329052670761,0.1174390470872882,0.3352565295613872,1.0,10
CIFAR10,R50,FiLM,50,TD,ACC-LiRA,1,1,65,0.0009622846500077,0.0033214341145429,0.0101195095452429,0.0334626726680118,0.105230482694397,0.3266490765171504,1.0,10
CIFAR10,R50,FiLM,50,TD,KL-LiRA,1,1,65,0.0008381188887164,0.0031351854726059,0.0109576284339593,0.0359459878938382,0.1120595995654198,0.3306844637591184,1.0,10
CIFAR10,R50,FiLM,50,TD,WB-LiRA,1,1,65,0.0010243675306534,0.0030731025919602,0.009902219462983,0.0361322365357752,0.109265869936365,0.3403693931398417,1.0,10
CIFAR10,R50,FiLM,50,TD,ACC-LiRA,1,2,65,0.0013955652039075,0.0039075825709412,0.0114126221119553,0.0379283609861994,0.1093812994262676,0.337540703985114,1.0,10
CIFAR10,R50,FiLM,50,TD,KL-LiRA,1,2,65,0.0012094898433865,0.0041556830516359,0.0109164211505659,0.0338347030547371,0.1112730655915645,0.3344704605365173,1.0,10
CIFAR10,R50,FiLM,50,TD,WB-LiRA,1,2,65,0.0017677159249496,0.0040626453713754,0.0122499612342998,0.0378353233059389,0.1132268568770352,0.340921073034579,1.0,10
CIFAR10,R50,FiLM,50,TD,ACC-LiRA,1,3,65,0.0013337055302254,0.0037840017369188,0.0113209888030768,0.0366924102850407,0.1130858224000496,0.3401569430228591,1.0,10
CIFAR10,R50,FiLM,50,TD,KL-LiRA,1,3,65,0.0008994758227102,0.0041872150367544,0.0116311528798734,0.0365993610620017,0.1135200521075649,0.3449955026208864,1.0,10
CIFAR10,R50,FiLM,50,TD,WB-LiRA,1,3,65,0.0013337055302254,0.0035048540678018,0.0108557426878818,0.0360410657237678,0.1138612325920411,0.3373344499240098,1.0,10
CIFAR10,R50,FiLM,50,TD,ACC-LiRA,1,10,65,0.0009622846500077,0.003662889958094,0.012292410367841,0.034518081638988,0.1097935744218531,0.3253142945832686,1.0,10
CIFAR10,R50,FiLM,50,TD,KL-LiRA,1,10,65,0.0021729008225981,0.0046251746081018,0.0118267887629986,0.036535775259972,0.1105696104299239,0.3361787986962595,1.0,10
CIFAR10,R50,FiLM,50,TD,WB-LiRA,1,10,65,0.0014279062548502,0.0045941331677789,0.0119819959646127,0.0388638832841843,0.1164985255315846,0.3377619121527239,1.0,10
CIFAR10,R50,FiLM,50,ED,ACC-LiRA,1,0,65,0.0005893665860165,0.0032260065760903,0.0109498107823065,0.0349587443389788,0.1094050499410633,0.3364042434394193,1.0,10
CIFAR10,R50,FiLM,50,ED,KL-LiRA,1,0,65,0.0009926174080277,0.0035982381041007,0.01107388795831,0.0354550530429927,0.1142750790991997,0.3364973013214219,1.0,10
CIFAR10,R50,FiLM,50,ED,WB-LiRA,1,0,65,0.0011166945840312,0.0031639679880885,0.0112600037223152,0.0345554935169675,0.1117935355791302,0.3392269991934983,1.0,10
CIFAR10,R50,FiLM,50,ED,ACC-LiRA,1,1,65,0.0010554089709762,0.0036939313984168,0.0118888716436442,0.0374670184696569,0.1131770914170417,0.3418904237156604,1.0,10
CIFAR10,R50,FiLM,50,ED,KL-LiRA,1,1,65,0.0008691603290392,0.0035697656371255,0.0112059599565419,0.0356666149309327,0.1149774949557659,0.3432562470898649,1.0,10
CIFAR10,R50,FiLM,50,ED,WB-LiRA,1,1,65,0.0013658233742045,0.0036939313984168,0.0102436753065342,0.033959335713177,0.1090485798541052,0.339562315691448,1.0,10
CIFAR10,R50,FiLM,50,ED,ACC-LiRA,1,2,65,0.000744301442084,0.0034113816095518,0.0114126221119553,0.0397581020313226,0.1158319119243293,0.3435261280818731,1.0,10
CIFAR10,R50,FiLM,50,ED,KL-LiRA,1,2,65,0.0010234144828655,0.0028531555279888,0.0108854085904791,0.0360676073809893,0.1121104047139091,0.3392153822298031,1.0,10
CIFAR10,R50,FiLM,50,ED,WB-LiRA,1,2,65,0.000930376802605,0.0031632811288571,0.0106993332299581,0.0359745697007287,0.1110559776709567,0.3402387967126686,1.0,10
CIFAR10,R50,FiLM,50,ED,ACC-LiRA,1,3,65,0.0014577711609441,0.0035979032908408,0.0120653825873887,0.0336528023324338,0.1074098197946713,0.3299835613039298,1.0,10
CIFAR10,R50,FiLM,50,ED,KL-LiRA,1,3,65,0.0013026891225458,0.0040631494060357,0.0109177755032412,0.0359480165007288,0.1086504761018578,0.3322787754722248,1.0,10
CIFAR10,R50,FiLM,50,ED,WB-LiRA,1,3,65,0.0011786234918271,0.0032257063986849,0.0105145622034056,0.0353276883471356,0.1093948698861697,0.3326819887720604,1.0,10
CIFAR10,R50,FiLM,50,ED,ACC-LiRA,1,10,65,0.0012106161725904,0.0046872574887474,0.0136271923017228,0.039112214806767,0.1127425112525221,0.3283563557349061,1.0,10
CIFAR10,R50,FiLM,50,ED,KL-LiRA,1,10,65,0.0013037404935589,0.0030420611516374,0.010833462672668,0.0377463914325624,0.1129598013347819,0.3408970976253298,1.0,10
CIFAR10,R50,FiLM,50,ED,WB-LiRA,1,10,65,0.0011485332919447,0.0037249728387397,0.0107403383516995,0.0347974546018935,0.1126804283718764,0.3451187335092348,1.0,10
